Year,ID,Species,River,Reach,Length,Age_cap,Age,Growth_year,Otolith_growth,Avflow,Annualflow_SD,Springflow,SpringSD,SumAutflow,SumAutSD,Ant_Wintflow,Ant_WintSD,Ant_Avflow,Ant_Annualflow_SD,Ant_Springflow,Ant_SpringSD,Ant_SumAutflow,Ant_SumAutSD,Temp
2003,4mpC,MC,Murray,Lower,1007,18,9,1993,0.11,29012.00,0.80,55511.39,0.44,15181.13,0.61,9284.77,0.54,13246.08,0.94,26645.94,0.78,9377.23,0.26,16.636392405
2003,4mpC,MC,Murray,Lower,1007,18,10,1994,0.11,16875.61,1.21,50338.83,0.57,10933.07,0.36,26877.05,0.58,29012.00,0.80,55511.39,0.44,15181.13,0.61,16.054972376
2013,4025,MC,Murray,Lower,1008,19,1,1994,0.62,16875.61,1.21,50338.83,0.57,10933.07,0.36,26877.05,0.58,29012.00,0.80,55511.39,0.44,15181.13,0.61,16.054972376
2003,4mpC,MC,Murray,Lower,1007,18,11,1995,0.11,15065.86,0.77,13216.39,0.08,10687.28,0.27,8940.34,0.37,16875.61,1.21,50338.83,0.57,10933.07,0.36,16.692876712
2013,4025,MC,Murray,Lower,1008,19,2,1995,0.25,15065.86,0.77,13216.39,0.08,10687.28,0.27,8940.34,0.37,16875.61,1.21,50338.83,0.57,10933.07,0.36,16.692876712
2003,4mpC,MC,Murray,Lower,1007,18,12,1996,0.13,15788.64,0.85,12033.41,0.52,8945.86,0.38,27094.25,0.65,15065.86,0.77,13216.39,0.08,10687.28,0.27,16.836612022
2013,4025,MC,Murray,Lower,1008,19,3,1996,0.19,15788.64,0.85,12033.41,0.52,8945.86,0.38,27094.25,0.65,15065.86,0.77,13216.39,0.08,10687.28,0.27,16.836612022
2003,4mpC,MC,Murray,Lower,1007,18,13,1997,0.12,16303.26,1.54,50775.07,0.67,8921.45,0.26,24468.59,0.81,15788.64,0.85,12033.41,0.52,8945.86,0.38,16.933972603
2013,4025,MC,Murray,Lower,1008,19,4,1997,0.24,16303.26,1.54,50775.07,0.67,8921.45,0.26,24468.59,0.81,15788.64,0.85,12033.41,0.52,8945.86,0.38,16.933972603
2003,4mpC,MC,Murray,Lower,1007,18,14,1998,0.11,8655.18,0.94,9401.28,0.18,8257.47,0.36,5049.00,0.61,16303.26,1.54,50775.07,0.67,8921.45,0.26,17.541369863
2013,4025,MC,Murray,Lower,1008,19,5,1998,0.14,8655.18,0.94,9401.28,0.18,8257.47,0.36,5049.00,0.61,16303.26,1.54,50775.07,0.67,8921.45,0.26,17.541369863
2011,ARI-11-4,MC,Murray,Lower,922,13,1,1998,0.51,8655.18,0.94,9401.28,0.18,8257.47,0.36,5049.00,0.61,16303.26,1.54,50775.07,0.67,8921.45,0.26,17.541369863
2012,102269,MC,Murray,Lower,610,13,1,1999,0.36,9624.82,0.44,15773.16,0.93,8867.54,0.31,5275.93,0.58,8655.18,0.94,9401.28,0.18,8257.47,0.36,17.874520548
2011,ARI-11-4,MC,Murray,Lower,922,13,2,1999,0.27,9624.82,0.44,15773.16,0.93,8867.54,0.31,5275.93,0.58,8655.18,0.94,9401.28,0.18,8257.47,0.36,17.874520548
2013,4025,MC,Murray,Lower,1008,19,6,1999,0.13,9624.82,0.44,15773.16,0.93,8867.54,0.31,5275.93,0.58,8655.18,0.94,9401.28,0.18,8257.47,0.36,17.874520548
2003,4mpA,MC,Murray,Lower,390,4,1,1999,0.44,9624.82,0.44,15773.16,0.93,8867.54,0.31,5275.93,0.58,8655.18,0.94,9401.28,0.18,8257.47,0.36,17.874520548
2003,4mpC,MC,Murray,Lower,1007,18,15,1999,0.10,9624.82,0.44,15773.16,0.93,8867.54,0.31,5275.93,0.58,8655.18,0.94,9401.28,0.18,8257.47,0.36,17.874520548
2013,25784,MC,Murray,Lower,627,14,1,1999,0.56,9624.82,0.44,15773.16,0.93,8867.54,0.31,5275.93,0.58,8655.18,0.94,9401.28,0.18,8257.47,0.36,17.874520548
2003,4mpA,MC,Murray,Lower,390,4,2,2000,0.28,11455.22,0.94,8301.46,0.45,7912.70,0.29,7666.45,0.43,9624.82,0.44,15773.16,0.93,8867.54,0.31,17.48989071
2003,4mpC,MC,Murray,Lower,1007,18,16,2000,0.11,11455.22,0.94,8301.46,0.45,7912.70,0.29,7666.45,0.43,9624.82,0.44,15773.16,0.93,8867.54,0.31,17.48989071
2003,4mpB,MC,Murray,Lower,300,3,1,2000,0.31,11455.22,0.94,8301.46,0.45,7912.70,0.29,7666.45,0.43,9624.82,0.44,15773.16,0.93,8867.54,0.31,17.48989071
2012,102269,MC,Murray,Lower,610,13,2,2000,0.24,11455.22,0.94,8301.46,0.45,7912.70,0.29,7666.45,0.43,9624.82,0.44,15773.16,0.93,8867.54,0.31,17.48989071
2013,25784,MC,Murray,Lower,627,14,2,2000,0.27,11455.22,0.94,8301.46,0.45,7912.70,0.29,7666.45,0.43,9624.82,0.44,15773.16,0.93,8867.54,0.31,17.48989071
2013,4025,MC,Murray,Lower,1008,19,7,2000,0.12,11455.22,0.94,8301.46,0.45,7912.70,0.29,7666.45,0.43,9624.82,0.44,15773.16,0.93,8867.54,0.31,17.48989071
2011,ARI-11-4,MC,Murray,Lower,922,13,3,2000,0.23,11455.22,0.94,8301.46,0.45,7912.70,0.29,7666.45,0.43,9624.82,0.44,15773.16,0.93,8867.54,0.31,17.48989071
2012,128335,MC,Murray,Lower,550,11,1,2001,0.50,13066.35,1.09,39571.08,0.47,9534.15,0.44,11588.61,0.39,11455.22,0.94,8301.46,0.45,7912.70,0.29,17.783013699
2011,ARI-11-4,MC,Murray,Lower,922,13,4,2001,0.17,13066.35,1.09,39571.08,0.47,9534.15,0.44,11588.61,0.39,11455.22,0.94,8301.46,0.45,7912.70,0.29,17.783013699
2003,4mpA,MC,Murray,Lower,390,4,3,2001,0.23,13066.35,1.09,39571.08,0.47,9534.15,0.44,11588.61,0.39,11455.22,0.94,8301.46,0.45,7912.70,0.29,17.783013699
2003,4mpB,MC,Murray,Lower,300,3,2,2001,0.20,13066.35,1.09,39571.08,0.47,9534.15,0.44,11588.61,0.39,11455.22,0.94,8301.46,0.45,7912.70,0.29,17.783013699
2003,4mpD,MC,Murray,Lower,303,2,1,2001,0.46,13066.35,1.09,39571.08,0.47,9534.15,0.44,11588.61,0.39,11455.22,0.94,8301.46,0.45,7912.70,0.29,17.783013699
2009,14627,MC,Murray,Lower,399,8,1,2001,0.48,13066.35,1.09,39571.08,0.47,9534.15,0.44,11588.61,0.39,11455.22,0.94,8301.46,0.45,7912.70,0.29,17.783013699
2012,102269,MC,Murray,Lower,610,13,3,2001,0.24,13066.35,1.09,39571.08,0.47,9534.15,0.44,11588.61,0.39,11455.22,0.94,8301.46,0.45,7912.70,0.29,17.783013699
2013,4025,MC,Murray,Lower,1008,19,8,2001,0.13,13066.35,1.09,39571.08,0.47,9534.15,0.44,11588.61,0.39,11455.22,0.94,8301.46,0.45,7912.70,0.29,17.783013699
2003,4mpC,MC,Murray,Lower,1007,18,17,2001,0.09,13066.35,1.09,39571.08,0.47,9534.15,0.44,11588.61,0.39,11455.22,0.94,8301.46,0.45,7912.70,0.29,17.783013699
2013,25784,MC,Murray,Lower,627,14,3,2001,0.21,13066.35,1.09,39571.08,0.47,9534.15,0.44,11588.61,0.39,11455.22,0.94,8301.46,0.45,7912.70,0.29,17.783013699
2014,130797,MC,Murray,Lower,795,12,1,2002,0.49,9097.75,0.37,9355.73,0.26,9321.98,0.28,4960.41,0.46,13066.35,1.09,39571.08,0.47,9534.15,0.44,16.729463014
2011,ARI-11-4,MC,Murray,Lower,922,13,5,2002,0.09,9097.75,0.37,9355.73,0.26,9321.98,0.28,4960.41,0.46,13066.35,1.09,39571.08,0.47,9534.15,0.44,16.729463014
2013,25784,MC,Murray,Lower,627,14,4,2002,0.13,9097.75,0.37,9355.73,0.26,9321.98,0.28,4960.41,0.46,13066.35,1.09,39571.08,0.47,9534.15,0.44,16.729463014
2012,128488,MC,Murray,Lower,727,10,1,2002,0.47,9097.75,0.37,9355.73,0.26,9321.98,0.28,4960.41,0.46,13066.35,1.09,39571.08,0.47,9534.15,0.44,16.729463014
2012,124991,MC,Murray,Lower,647,10,1,2002,0.40,9097.75,0.37,9355.73,0.26,9321.98,0.28,4960.41,0.46,13066.35,1.09,39571.08,0.47,9534.15,0.44,16.729463014
2012,102269,MC,Murray,Lower,610,13,4,2002,0.15,9097.75,0.37,9355.73,0.26,9321.98,0.28,4960.41,0.46,13066.35,1.09,39571.08,0.47,9534.15,0.44,16.729463014
2012,128335,MC,Murray,Lower,550,11,2,2002,0.25,9097.75,0.37,9355.73,0.26,9321.98,0.28,4960.41,0.46,13066.35,1.09,39571.08,0.47,9534.15,0.44,16.729463014
2009,14627,MC,Murray,Lower,399,8,2,2002,0.26,9097.75,0.37,9355.73,0.26,9321.98,0.28,4960.41,0.46,13066.35,1.09,39571.08,0.47,9534.15,0.44,16.729463014
2003,4mpC,MC,Murray,Lower,1007,18,18,2002,0.13,9097.75,0.37,9355.73,0.26,9321.98,0.28,4960.41,0.46,13066.35,1.09,39571.08,0.47,9534.15,0.44,16.729463014
2003,4mpA,MC,Murray,Lower,390,4,4,2002,0.13,9097.75,0.37,9355.73,0.26,9321.98,0.28,4960.41,0.46,13066.35,1.09,39571.08,0.47,9534.15,0.44,16.729463014
2003,4mpB,MC,Murray,Lower,300,3,3,2002,0.17,9097.75,0.37,9355.73,0.26,9321.98,0.28,4960.41,0.46,13066.35,1.09,39571.08,0.47,9534.15,0.44,16.729463014
2003,4mpD,MC,Murray,Lower,303,2,2,2002,0.23,9097.75,0.37,9355.73,0.26,9321.98,0.28,4960.41,0.46,13066.35,1.09,39571.08,0.47,9534.15,0.44,16.729463014
2013,4025,MC,Murray,Lower,1008,19,9,2002,0.12,9097.75,0.37,9355.73,0.26,9321.98,0.28,4960.41,0.46,13066.35,1.09,39571.08,0.47,9534.15,0.44,16.729463014
2011,ARI-11-4,MC,Murray,Lower,922,13,6,2003,0.10,9974.72,0.61,14350.12,0.05,7864.58,0.47,6537.03,0.56,9097.75,0.37,9355.73,0.26,9321.98,0.28,16.99
2009,103418,MC,Murray,Lower,481,6,1,2003,0.42,9974.72,0.61,14350.12,0.05,7864.58,0.47,6537.03,0.56,9097.75,0.37,9355.73,0.26,9321.98,0.28,16.99
2013,16407,MC,Murray,Lower,685,10,1,2003,0.50,9974.72,0.61,14350.12,0.05,7864.58,0.47,6537.03,0.56,9097.75,0.37,9355.73,0.26,9321.98,0.28,16.99
2009,14627,MC,Murray,Lower,399,8,3,2003,0.23,9974.72,0.61,14350.12,0.05,7864.58,0.47,6537.03,0.56,9097.75,0.37,9355.73,0.26,9321.98,0.28,16.99
2009,106072,MC,Murray,Lower,396,6,1,2003,0.45,9974.72,0.61,14350.12,0.05,7864.58,0.47,6537.03,0.56,9097.75,0.37,9355.73,0.26,9321.98,0.28,16.99
2010,100604,MC,Murray,Lower,594,7,1,2003,0.59,9974.72,0.61,14350.12,0.05,7864.58,0.47,6537.03,0.56,9097.75,0.37,9355.73,0.26,9321.98,0.28,16.99
2012,124991,MC,Murray,Lower,647,10,2,2003,0.24,9974.72,0.61,14350.12,0.05,7864.58,0.47,6537.03,0.56,9097.75,0.37,9355.73,0.26,9321.98,0.28,16.99
2012,128488,MC,Murray,Lower,727,10,2,2003,0.29,9974.72,0.61,14350.12,0.05,7864.58,0.47,6537.03,0.56,9097.75,0.37,9355.73,0.26,9321.98,0.28,16.99
2012,128335,MC,Murray,Lower,550,11,3,2003,0.25,9974.72,0.61,14350.12,0.05,7864.58,0.47,6537.03,0.56,9097.75,0.37,9355.73,0.26,9321.98,0.28,16.99
2012,102269,MC,Murray,Lower,610,13,5,2003,0.12,9974.72,0.61,14350.12,0.05,7864.58,0.47,6537.03,0.56,9097.75,0.37,9355.73,0.26,9321.98,0.28,16.99
2009,109744/101623,MC,Murray,Lower,432,6,1,2003,0.35,9974.72,0.61,14350.12,0.05,7864.58,0.47,6537.03,0.56,9097.75,0.37,9355.73,0.26,9321.98,0.28,16.99
2013,4025,MC,Murray,Lower,1008,19,10,2003,0.10,9974.72,0.61,14350.12,0.05,7864.58,0.47,6537.03,0.56,9097.75,0.37,9355.73,0.26,9321.98,0.28,16.99
2014,12865,MC,Murray,Lower,575,11,1,2003,0.41,9974.72,0.61,14350.12,0.05,7864.58,0.47,6537.03,0.56,9097.75,0.37,9355.73,0.26,9321.98,0.28,16.99
2014,119073,MC,Murray,Lower,798,11,1,2003,0.45,9974.72,0.61,14350.12,0.05,7864.58,0.47,6537.03,0.56,9097.75,0.37,9355.73,0.26,9321.98,0.28,16.99
2013,25784,MC,Murray,Lower,627,14,5,2003,0.13,9974.72,0.61,14350.12,0.05,7864.58,0.47,6537.03,0.56,9097.75,0.37,9355.73,0.26,9321.98,0.28,16.99
2014,130797,MC,Murray,Lower,795,12,2,2003,0.24,9974.72,0.61,14350.12,0.05,7864.58,0.47,6537.03,0.56,9097.75,0.37,9355.73,0.26,9321.98,0.28,16.99
2014,130797,MC,Murray,Lower,795,12,3,2004,0.20,9883.72,0.37,11417.45,0.26,9159.50,0.31,9734.47,0.97,9974.72,0.61,14350.12,0.05,7864.58,0.47,16.79
2009,14627,MC,Murray,Lower,399,8,4,2004,0.16,9883.72,0.37,11417.45,0.26,9159.50,0.31,9734.47,0.97,9974.72,0.61,14350.12,0.05,7864.58,0.47,16.79
2014,119073,MC,Murray,Lower,798,11,2,2004,0.30,9883.72,0.37,11417.45,0.26,9159.50,0.31,9734.47,0.97,9974.72,0.61,14350.12,0.05,7864.58,0.47,16.79
2014,12865,MC,Murray,Lower,575,11,2,2004,0.27,9883.72,0.37,11417.45,0.26,9159.50,0.31,9734.47,0.97,9974.72,0.61,14350.12,0.05,7864.58,0.47,16.79
2009,106072,MC,Murray,Lower,396,6,2,2004,0.29,9883.72,0.37,11417.45,0.26,9159.50,0.31,9734.47,0.97,9974.72,0.61,14350.12,0.05,7864.58,0.47,16.79
2010,100604,MC,Murray,Lower,594,7,2,2004,0.32,9883.72,0.37,11417.45,0.26,9159.50,0.31,9734.47,0.97,9974.72,0.61,14350.12,0.05,7864.58,0.47,16.79
2008,103403,MC,Murray,Lower,383,4,1,2004,0.42,9883.72,0.37,11417.45,0.26,9159.50,0.31,9734.47,0.97,9974.72,0.61,14350.12,0.05,7864.58,0.47,16.79
2011,ARI-11-4,MC,Murray,Lower,922,13,7,2004,0.09,9883.72,0.37,11417.45,0.26,9159.50,0.31,9734.47,0.97,9974.72,0.61,14350.12,0.05,7864.58,0.47,16.79
2009,103418,MC,Murray,Lower,481,6,2,2004,0.19,9883.72,0.37,11417.45,0.26,9159.50,0.31,9734.47,0.97,9974.72,0.61,14350.12,0.05,7864.58,0.47,16.79
2009,109744/101623,MC,Murray,Lower,432,6,2,2004,0.25,9883.72,0.37,11417.45,0.26,9159.50,0.31,9734.47,0.97,9974.72,0.61,14350.12,0.05,7864.58,0.47,16.79
2009,108776,MC,Murray,Lower,520,5,1,2004,0.53,9883.72,0.37,11417.45,0.26,9159.50,0.31,9734.47,0.97,9974.72,0.61,14350.12,0.05,7864.58,0.47,16.79
2010,106313,MC,Murray,Lower,554,6,1,2004,0.37,9883.72,0.37,11417.45,0.26,9159.50,0.31,9734.47,0.97,9974.72,0.61,14350.12,0.05,7864.58,0.47,16.79
2012,124991,MC,Murray,Lower,647,10,3,2004,0.20,9883.72,0.37,11417.45,0.26,9159.50,0.31,9734.47,0.97,9974.72,0.61,14350.12,0.05,7864.58,0.47,16.79
2012,128488,MC,Murray,Lower,727,10,3,2004,0.20,9883.72,0.37,11417.45,0.26,9159.50,0.31,9734.47,0.97,9974.72,0.61,14350.12,0.05,7864.58,0.47,16.79
2012,128335,MC,Murray,Lower,550,11,4,2004,0.15,9883.72,0.37,11417.45,0.26,9159.50,0.31,9734.47,0.97,9974.72,0.61,14350.12,0.05,7864.58,0.47,16.79
2012,102269,MC,Murray,Lower,610,13,6,2004,0.12,9883.72,0.37,11417.45,0.26,9159.50,0.31,9734.47,0.97,9974.72,0.61,14350.12,0.05,7864.58,0.47,16.79
2013,16407,MC,Murray,Lower,685,10,2,2004,0.28,9883.72,0.37,11417.45,0.26,9159.50,0.31,9734.47,0.97,9974.72,0.61,14350.12,0.05,7864.58,0.47,16.79
2013,25784,MC,Murray,Lower,627,14,6,2004,0.12,9883.72,0.37,11417.45,0.26,9159.50,0.31,9734.47,0.97,9974.72,0.61,14350.12,0.05,7864.58,0.47,16.79
2013,4025,MC,Murray,Lower,1008,19,11,2004,0.11,9883.72,0.37,11417.45,0.26,9159.50,0.31,9734.47,0.97,9974.72,0.61,14350.12,0.05,7864.58,0.47,16.79
2011,113503,MC,Murray,Lower,550,7,1,2004,0.42,9883.72,0.37,11417.45,0.26,9159.50,0.31,9734.47,0.97,9974.72,0.61,14350.12,0.05,7864.58,0.47,16.79
2011,ARI-11-4,MC,Murray,Lower,922,13,8,2005,0.11,9568.48,0.47,12217.16,0.41,8685.19,0.43,9524.29,0.22,9883.72,0.37,11417.45,0.26,9159.50,0.31,17.09
2012,102269,MC,Murray,Lower,610,13,7,2005,0.09,9568.48,0.47,12217.16,0.41,8685.19,0.43,9524.29,0.22,9883.72,0.37,11417.45,0.26,9159.50,0.31,17.09
2012,128335,MC,Murray,Lower,550,11,5,2005,0.14,9568.48,0.47,12217.16,0.41,8685.19,0.43,9524.29,0.22,9883.72,0.37,11417.45,0.26,9159.50,0.31,17.09
2012,128488,MC,Murray,Lower,727,10,4,2005,0.12,9568.48,0.47,12217.16,0.41,8685.19,0.43,9524.29,0.22,9883.72,0.37,11417.45,0.26,9159.50,0.31,17.09
2012,124991,MC,Murray,Lower,647,10,4,2005,0.14,9568.48,0.47,12217.16,0.41,8685.19,0.43,9524.29,0.22,9883.72,0.37,11417.45,0.26,9159.50,0.31,17.09
2011,113503,MC,Murray,Lower,550,7,2,2005,0.22,9568.48,0.47,12217.16,0.41,8685.19,0.43,9524.29,0.22,9883.72,0.37,11417.45,0.26,9159.50,0.31,17.09
2010,100604,MC,Murray,Lower,594,7,3,2005,0.22,9568.48,0.47,12217.16,0.41,8685.19,0.43,9524.29,0.22,9883.72,0.37,11417.45,0.26,9159.50,0.31,17.09
2010,106313,MC,Murray,Lower,554,6,2,2005,0.27,9568.48,0.47,12217.16,0.41,8685.19,0.43,9524.29,0.22,9883.72,0.37,11417.45,0.26,9159.50,0.31,17.09
2013,16407,MC,Murray,Lower,685,10,3,2005,0.21,9568.48,0.47,12217.16,0.41,8685.19,0.43,9524.29,0.22,9883.72,0.37,11417.45,0.26,9159.50,0.31,17.09
2009,106072,MC,Murray,Lower,396,6,3,2005,0.26,9568.48,0.47,12217.16,0.41,8685.19,0.43,9524.29,0.22,9883.72,0.37,11417.45,0.26,9159.50,0.31,17.09
2009,14627,MC,Murray,Lower,399,8,5,2005,0.14,9568.48,0.47,12217.16,0.41,8685.19,0.43,9524.29,0.22,9883.72,0.37,11417.45,0.26,9159.50,0.31,17.09
2009,108776,MC,Murray,Lower,520,5,2,2005,0.31,9568.48,0.47,12217.16,0.41,8685.19,0.43,9524.29,0.22,9883.72,0.37,11417.45,0.26,9159.50,0.31,17.09
2014,130797,MC,Murray,Lower,795,12,4,2005,0.18,9568.48,0.47,12217.16,0.41,8685.19,0.43,9524.29,0.22,9883.72,0.37,11417.45,0.26,9159.50,0.31,17.09
2014,119073,MC,Murray,Lower,798,11,3,2005,0.20,9568.48,0.47,12217.16,0.41,8685.19,0.43,9524.29,0.22,9883.72,0.37,11417.45,0.26,9159.50,0.31,17.09
2014,119063,MC,Murray,Lower,534,9,1,2005,0.39,9568.48,0.47,12217.16,0.41,8685.19,0.43,9524.29,0.22,9883.72,0.37,11417.45,0.26,9159.50,0.31,17.09
2014,119061,MC,Murray,Lower,556,9,1,2005,0.40,9568.48,0.47,12217.16,0.41,8685.19,0.43,9524.29,0.22,9883.72,0.37,11417.45,0.26,9159.50,0.31,17.09
2014,12865,MC,Murray,Lower,575,11,3,2005,0.19,9568.48,0.47,12217.16,0.41,8685.19,0.43,9524.29,0.22,9883.72,0.37,11417.45,0.26,9159.50,0.31,17.09
2008,103403,MC,Murray,Lower,383,4,2,2005,0.28,9568.48,0.47,12217.16,0.41,8685.19,0.43,9524.29,0.22,9883.72,0.37,11417.45,0.26,9159.50,0.31,17.09
2009,109744/101623,MC,Murray,Lower,432,6,3,2005,0.23,9568.48,0.47,12217.16,0.41,8685.19,0.43,9524.29,0.22,9883.72,0.37,11417.45,0.26,9159.50,0.31,17.09
2013,4025,MC,Murray,Lower,1008,19,12,2005,0.11,9568.48,0.47,12217.16,0.41,8685.19,0.43,9524.29,0.22,9883.72,0.37,11417.45,0.26,9159.50,0.31,17.09
2013,25784,MC,Murray,Lower,627,14,7,2005,0.13,9568.48,0.47,12217.16,0.41,8685.19,0.43,9524.29,0.22,9883.72,0.37,11417.45,0.26,9159.50,0.31,17.09
2009,103418,MC,Murray,Lower,481,6,3,2005,0.16,9568.48,0.47,12217.16,0.41,8685.19,0.43,9524.29,0.22,9883.72,0.37,11417.45,0.26,9159.50,0.31,17.09
2012,128488,MC,Murray,Lower,727,10,5,2006,0.14,10971.36,0.46,18350.83,0.28,10391.09,0.25,7852.34,0.50,9568.48,0.47,12217.16,0.41,8685.19,0.43,17.19
2013,4025,MC,Murray,Lower,1008,19,13,2006,0.11,10971.36,0.46,18350.83,0.28,10391.09,0.25,7852.34,0.50,9568.48,0.47,12217.16,0.41,8685.19,0.43,17.19
2013,25784,MC,Murray,Lower,627,14,8,2006,0.09,10971.36,0.46,18350.83,0.28,10391.09,0.25,7852.34,0.50,9568.48,0.47,12217.16,0.41,8685.19,0.43,17.19
2010,100604,MC,Murray,Lower,594,7,4,2006,0.13,10971.36,0.46,18350.83,0.28,10391.09,0.25,7852.34,0.50,9568.48,0.47,12217.16,0.41,8685.19,0.43,17.19
2008,103403,MC,Murray,Lower,383,4,3,2006,0.20,10971.36,0.46,18350.83,0.28,10391.09,0.25,7852.34,0.50,9568.48,0.47,12217.16,0.41,8685.19,0.43,17.19
2008,112045,MC,Murray,Lower,274,2,1,2006,0.47,10971.36,0.46,18350.83,0.28,10391.09,0.25,7852.34,0.50,9568.48,0.47,12217.16,0.41,8685.19,0.43,17.19
2009,108776,MC,Murray,Lower,520,5,3,2006,0.20,10971.36,0.46,18350.83,0.28,10391.09,0.25,7852.34,0.50,9568.48,0.47,12217.16,0.41,8685.19,0.43,17.19
2009,106072,MC,Murray,Lower,396,6,4,2006,0.17,10971.36,0.46,18350.83,0.28,10391.09,0.25,7852.34,0.50,9568.48,0.47,12217.16,0.41,8685.19,0.43,17.19
2009,103418,MC,Murray,Lower,481,6,4,2006,0.11,10971.36,0.46,18350.83,0.28,10391.09,0.25,7852.34,0.50,9568.48,0.47,12217.16,0.41,8685.19,0.43,17.19
2009,109744/101623,MC,Murray,Lower,432,6,4,2006,0.16,10971.36,0.46,18350.83,0.28,10391.09,0.25,7852.34,0.50,9568.48,0.47,12217.16,0.41,8685.19,0.43,17.19
2009,14627,MC,Murray,Lower,399,8,6,2006,0.12,10971.36,0.46,18350.83,0.28,10391.09,0.25,7852.34,0.50,9568.48,0.47,12217.16,0.41,8685.19,0.43,17.19
2012,102269,MC,Murray,Lower,610,13,8,2006,0.10,10971.36,0.46,18350.83,0.28,10391.09,0.25,7852.34,0.50,9568.48,0.47,12217.16,0.41,8685.19,0.43,17.19
2010,106313,MC,Murray,Lower,554,6,3,2006,0.18,10971.36,0.46,18350.83,0.28,10391.09,0.25,7852.34,0.50,9568.48,0.47,12217.16,0.41,8685.19,0.43,17.19
2013,16407,MC,Murray,Lower,685,10,4,2006,0.13,10971.36,0.46,18350.83,0.28,10391.09,0.25,7852.34,0.50,9568.48,0.47,12217.16,0.41,8685.19,0.43,17.19
2011,113503,MC,Murray,Lower,550,7,3,2006,0.16,10971.36,0.46,18350.83,0.28,10391.09,0.25,7852.34,0.50,9568.48,0.47,12217.16,0.41,8685.19,0.43,17.19
2011,ARI-11-4,MC,Murray,Lower,922,13,9,2006,0.10,10971.36,0.46,18350.83,0.28,10391.09,0.25,7852.34,0.50,9568.48,0.47,12217.16,0.41,8685.19,0.43,17.19
2012,124991,MC,Murray,Lower,647,10,5,2006,0.15,10971.36,0.46,18350.83,0.28,10391.09,0.25,7852.34,0.50,9568.48,0.47,12217.16,0.41,8685.19,0.43,17.19
2014,130797,MC,Murray,Lower,795,12,5,2006,0.12,10971.36,0.46,18350.83,0.28,10391.09,0.25,7852.34,0.50,9568.48,0.47,12217.16,0.41,8685.19,0.43,17.19
2014,119063,MC,Murray,Lower,534,9,2,2006,0.22,10971.36,0.46,18350.83,0.28,10391.09,0.25,7852.34,0.50,9568.48,0.47,12217.16,0.41,8685.19,0.43,17.19
2014,12865,MC,Murray,Lower,575,11,4,2006,0.14,10971.36,0.46,18350.83,0.28,10391.09,0.25,7852.34,0.50,9568.48,0.47,12217.16,0.41,8685.19,0.43,17.19
2012,128335,MC,Murray,Lower,550,11,6,2006,0.15,10971.36,0.46,18350.83,0.28,10391.09,0.25,7852.34,0.50,9568.48,0.47,12217.16,0.41,8685.19,0.43,17.19
2014,119061,MC,Murray,Lower,556,9,2,2006,0.24,10971.36,0.46,18350.83,0.28,10391.09,0.25,7852.34,0.50,9568.48,0.47,12217.16,0.41,8685.19,0.43,17.19
2014,119073,MC,Murray,Lower,798,11,4,2006,0.16,10971.36,0.46,18350.83,0.28,10391.09,0.25,7852.34,0.50,9568.48,0.47,12217.16,0.41,8685.19,0.43,17.19
2013,16407,MC,Murray,Lower,685,10,5,2007,0.14,6288.75,0.49,10548.32,0.01,6012.62,0.45,7001.97,0.56,10971.36,0.46,18350.83,0.28,10391.09,0.25,17.45
2012,102269,MC,Murray,Lower,610,13,9,2007,0.11,6288.75,0.49,10548.32,0.01,6012.62,0.45,7001.97,0.56,10971.36,0.46,18350.83,0.28,10391.09,0.25,17.45
2012,128335,MC,Murray,Lower,550,11,7,2007,0.09,6288.75,0.49,10548.32,0.01,6012.62,0.45,7001.97,0.56,10971.36,0.46,18350.83,0.28,10391.09,0.25,17.45
2014,119073,MC,Murray,Lower,798,11,5,2007,0.13,6288.75,0.49,10548.32,0.01,6012.62,0.45,7001.97,0.56,10971.36,0.46,18350.83,0.28,10391.09,0.25,17.45
2012,124991,MC,Murray,Lower,647,10,6,2007,0.12,6288.75,0.49,10548.32,0.01,6012.62,0.45,7001.97,0.56,10971.36,0.46,18350.83,0.28,10391.09,0.25,17.45
2008,112045,MC,Murray,Lower,274,2,2,2007,0.25,6288.75,0.49,10548.32,0.01,6012.62,0.45,7001.97,0.56,10971.36,0.46,18350.83,0.28,10391.09,0.25,17.45
2012,128488,MC,Murray,Lower,727,10,6,2007,0.14,6288.75,0.49,10548.32,0.01,6012.62,0.45,7001.97,0.56,10971.36,0.46,18350.83,0.28,10391.09,0.25,17.45
2014,119064,MC,Murray,Lower,482,7,1,2007,0.37,6288.75,0.49,10548.32,0.01,6012.62,0.45,7001.97,0.56,10971.36,0.46,18350.83,0.28,10391.09,0.25,17.45
2014,119063,MC,Murray,Lower,534,9,3,2007,0.19,6288.75,0.49,10548.32,0.01,6012.62,0.45,7001.97,0.56,10971.36,0.46,18350.83,0.28,10391.09,0.25,17.45
2014,119062,MC,Murray,Lower,565,7,1,2007,0.34,6288.75,0.49,10548.32,0.01,6012.62,0.45,7001.97,0.56,10971.36,0.46,18350.83,0.28,10391.09,0.25,17.45
2014,119061,MC,Murray,Lower,556,9,3,2007,0.24,6288.75,0.49,10548.32,0.01,6012.62,0.45,7001.97,0.56,10971.36,0.46,18350.83,0.28,10391.09,0.25,17.45
2014,12865,MC,Murray,Lower,575,11,5,2007,0.14,6288.75,0.49,10548.32,0.01,6012.62,0.45,7001.97,0.56,10971.36,0.46,18350.83,0.28,10391.09,0.25,17.45
2011,112204,MC,Murray,Lower,455,4,1,2007,0.55,6288.75,0.49,10548.32,0.01,6012.62,0.45,7001.97,0.56,10971.36,0.46,18350.83,0.28,10391.09,0.25,17.45
2014,130797,MC,Murray,Lower,795,12,6,2007,0.18,6288.75,0.49,10548.32,0.01,6012.62,0.45,7001.97,0.56,10971.36,0.46,18350.83,0.28,10391.09,0.25,17.45
2014,119059,MC,Murray,Lower,581,7,1,2007,0.41,6288.75,0.49,10548.32,0.01,6012.62,0.45,7001.97,0.56,10971.36,0.46,18350.83,0.28,10391.09,0.25,17.45
2008,103403,MC,Murray,Lower,383,4,4,2007,0.21,6288.75,0.49,10548.32,0.01,6012.62,0.45,7001.97,0.56,10971.36,0.46,18350.83,0.28,10391.09,0.25,17.45
2011,ARI-11-4,MC,Murray,Lower,922,13,10,2007,0.10,6288.75,0.49,10548.32,0.01,6012.62,0.45,7001.97,0.56,10971.36,0.46,18350.83,0.28,10391.09,0.25,17.45
2013,4025,MC,Murray,Lower,1008,19,14,2007,0.09,6288.75,0.49,10548.32,0.01,6012.62,0.45,7001.97,0.56,10971.36,0.46,18350.83,0.28,10391.09,0.25,17.45
2009,108776,MC,Murray,Lower,520,5,4,2007,0.20,6288.75,0.49,10548.32,0.01,6012.62,0.45,7001.97,0.56,10971.36,0.46,18350.83,0.28,10391.09,0.25,17.45
2011,113503,MC,Murray,Lower,550,7,4,2007,0.19,6288.75,0.49,10548.32,0.01,6012.62,0.45,7001.97,0.56,10971.36,0.46,18350.83,0.28,10391.09,0.25,17.45
2009,106072,MC,Murray,Lower,396,6,5,2007,0.12,6288.75,0.49,10548.32,0.01,6012.62,0.45,7001.97,0.56,10971.36,0.46,18350.83,0.28,10391.09,0.25,17.45
2009,103418,MC,Murray,Lower,481,6,5,2007,0.13,6288.75,0.49,10548.32,0.01,6012.62,0.45,7001.97,0.56,10971.36,0.46,18350.83,0.28,10391.09,0.25,17.45
2009,109744/101623,MC,Murray,Lower,432,6,5,2007,0.15,6288.75,0.49,10548.32,0.01,6012.62,0.45,7001.97,0.56,10971.36,0.46,18350.83,0.28,10391.09,0.25,17.45
2009,14627,MC,Murray,Lower,399,8,7,2007,0.10,6288.75,0.49,10548.32,0.01,6012.62,0.45,7001.97,0.56,10971.36,0.46,18350.83,0.28,10391.09,0.25,17.45
2010,106313,MC,Murray,Lower,554,6,4,2007,0.15,6288.75,0.49,10548.32,0.01,6012.62,0.45,7001.97,0.56,10971.36,0.46,18350.83,0.28,10391.09,0.25,17.45
2010,100604,MC,Murray,Lower,594,7,5,2007,0.13,6288.75,0.49,10548.32,0.01,6012.62,0.45,7001.97,0.56,10971.36,0.46,18350.83,0.28,10391.09,0.25,17.45
2013,25784,MC,Murray,Lower,627,14,9,2007,0.12,6288.75,0.49,10548.32,0.01,6012.62,0.45,7001.97,0.56,10971.36,0.46,18350.83,0.28,10391.09,0.25,17.45
2012,128335,MC,Murray,Lower,550,11,8,2008,0.08,4650.46,0.41,4446.02,0.40,5376.08,0.37,5243.73,0.44,6288.75,0.49,10548.32,0.01,6012.62,0.45,17.32
2010,106313,MC,Murray,Lower,554,6,5,2008,0.11,4650.46,0.41,4446.02,0.40,5376.08,0.37,5243.73,0.44,6288.75,0.49,10548.32,0.01,6012.62,0.45,17.32
2013,4025,MC,Murray,Lower,1008,19,15,2008,0.10,4650.46,0.41,4446.02,0.40,5376.08,0.37,5243.73,0.44,6288.75,0.49,10548.32,0.01,6012.62,0.45,17.32
2010,100604,MC,Murray,Lower,594,7,6,2008,0.13,4650.46,0.41,4446.02,0.40,5376.08,0.37,5243.73,0.44,6288.75,0.49,10548.32,0.01,6012.62,0.45,17.32
2011,112204,MC,Murray,Lower,455,4,2,2008,0.23,4650.46,0.41,4446.02,0.40,5376.08,0.37,5243.73,0.44,6288.75,0.49,10548.32,0.01,6012.62,0.45,17.32
2011,113503,MC,Murray,Lower,550,7,5,2008,0.15,4650.46,0.41,4446.02,0.40,5376.08,0.37,5243.73,0.44,6288.75,0.49,10548.32,0.01,6012.62,0.45,17.32
2011,105287,MC,Murray,Lower,365,3,1,2008,0.35,4650.46,0.41,4446.02,0.40,5376.08,0.37,5243.73,0.44,6288.75,0.49,10548.32,0.01,6012.62,0.45,17.32
2012,102269,MC,Murray,Lower,610,13,10,2008,0.08,4650.46,0.41,4446.02,0.40,5376.08,0.37,5243.73,0.44,6288.75,0.49,10548.32,0.01,6012.62,0.45,17.32
2012,128488,MC,Murray,Lower,727,10,7,2008,0.14,4650.46,0.41,4446.02,0.40,5376.08,0.37,5243.73,0.44,6288.75,0.49,10548.32,0.01,6012.62,0.45,17.32
2013,25784,MC,Murray,Lower,627,14,10,2008,0.09,4650.46,0.41,4446.02,0.40,5376.08,0.37,5243.73,0.44,6288.75,0.49,10548.32,0.01,6012.62,0.45,17.32
2014,119073,MC,Murray,Lower,798,11,6,2008,0.12,4650.46,0.41,4446.02,0.40,5376.08,0.37,5243.73,0.44,6288.75,0.49,10548.32,0.01,6012.62,0.45,17.32
2012,121364,MC,Murray,Lower,375,4,1,2008,0.37,4650.46,0.41,4446.02,0.40,5376.08,0.37,5243.73,0.44,6288.75,0.49,10548.32,0.01,6012.62,0.45,17.32
2013,16407,MC,Murray,Lower,685,10,6,2008,0.12,4650.46,0.41,4446.02,0.40,5376.08,0.37,5243.73,0.44,6288.75,0.49,10548.32,0.01,6012.62,0.45,17.32
2012,124991,MC,Murray,Lower,647,10,7,2008,0.09,4650.46,0.41,4446.02,0.40,5376.08,0.37,5243.73,0.44,6288.75,0.49,10548.32,0.01,6012.62,0.45,17.32
2009,14627,MC,Murray,Lower,399,8,8,2008,0.08,4650.46,0.41,4446.02,0.40,5376.08,0.37,5243.73,0.44,6288.75,0.49,10548.32,0.01,6012.62,0.45,17.32
2009,109744/101623,MC,Murray,Lower,432,6,6,2008,0.12,4650.46,0.41,4446.02,0.40,5376.08,0.37,5243.73,0.44,6288.75,0.49,10548.32,0.01,6012.62,0.45,17.32
2009,103418,MC,Murray,Lower,481,6,6,2008,0.10,4650.46,0.41,4446.02,0.40,5376.08,0.37,5243.73,0.44,6288.75,0.49,10548.32,0.01,6012.62,0.45,17.32
2009,106072,MC,Murray,Lower,396,6,6,2008,0.15,4650.46,0.41,4446.02,0.40,5376.08,0.37,5243.73,0.44,6288.75,0.49,10548.32,0.01,6012.62,0.45,17.32
2014,130797,MC,Murray,Lower,795,12,7,2008,0.11,4650.46,0.41,4446.02,0.40,5376.08,0.37,5243.73,0.44,6288.75,0.49,10548.32,0.01,6012.62,0.45,17.32
2014,119064,MC,Murray,Lower,482,7,2,2008,0.26,4650.46,0.41,4446.02,0.40,5376.08,0.37,5243.73,0.44,6288.75,0.49,10548.32,0.01,6012.62,0.45,17.32
2014,119063,MC,Murray,Lower,534,9,4,2008,0.16,4650.46,0.41,4446.02,0.40,5376.08,0.37,5243.73,0.44,6288.75,0.49,10548.32,0.01,6012.62,0.45,17.32
2014,119062,MC,Murray,Lower,565,7,2,2008,0.23,4650.46,0.41,4446.02,0.40,5376.08,0.37,5243.73,0.44,6288.75,0.49,10548.32,0.01,6012.62,0.45,17.32
2011,ARI-11-4,MC,Murray,Lower,922,13,11,2008,0.09,4650.46,0.41,4446.02,0.40,5376.08,0.37,5243.73,0.44,6288.75,0.49,10548.32,0.01,6012.62,0.45,17.32
2014,119061,MC,Murray,Lower,556,9,4,2008,0.18,4650.46,0.41,4446.02,0.40,5376.08,0.37,5243.73,0.44,6288.75,0.49,10548.32,0.01,6012.62,0.45,17.32
2014,119059,MC,Murray,Lower,581,7,2,2008,0.25,4650.46,0.41,4446.02,0.40,5376.08,0.37,5243.73,0.44,6288.75,0.49,10548.32,0.01,6012.62,0.45,17.32
2014,12865,MC,Murray,Lower,575,11,6,2008,0.15,4650.46,0.41,4446.02,0.40,5376.08,0.37,5243.73,0.44,6288.75,0.49,10548.32,0.01,6012.62,0.45,17.32
2009,108776,MC,Murray,Lower,520,5,5,2008,0.14,4650.46,0.41,4446.02,0.40,5376.08,0.37,5243.73,0.44,6288.75,0.49,10548.32,0.01,6012.62,0.45,17.32
2014,119059,MC,Murray,Lower,581,7,3,2009,0.21,5632.35,0.43,5227.39,0.23,6647.46,0.33,2886.81,0.35,4650.46,0.41,4446.02,0.40,5376.08,0.37,16.85
2013,25784,MC,Murray,Lower,627,14,11,2009,0.07,5632.35,0.43,5227.39,0.23,6647.46,0.33,2886.81,0.35,4650.46,0.41,4446.02,0.40,5376.08,0.37,16.85
2014,12865,MC,Murray,Lower,575,11,7,2009,0.12,5632.35,0.43,5227.39,0.23,6647.46,0.33,2886.81,0.35,4650.46,0.41,4446.02,0.40,5376.08,0.37,16.85
2011,ARI-11-4,MC,Murray,Lower,922,13,12,2009,0.08,5632.35,0.43,5227.39,0.23,6647.46,0.33,2886.81,0.35,4650.46,0.41,4446.02,0.40,5376.08,0.37,16.85
2014,119061,MC,Murray,Lower,556,9,5,2009,0.13,5632.35,0.43,5227.39,0.23,6647.46,0.33,2886.81,0.35,4650.46,0.41,4446.02,0.40,5376.08,0.37,16.85
2014,119062,MC,Murray,Lower,565,7,3,2009,0.27,5632.35,0.43,5227.39,0.23,6647.46,0.33,2886.81,0.35,4650.46,0.41,4446.02,0.40,5376.08,0.37,16.85
2014,119063,MC,Murray,Lower,534,9,5,2009,0.17,5632.35,0.43,5227.39,0.23,6647.46,0.33,2886.81,0.35,4650.46,0.41,4446.02,0.40,5376.08,0.37,16.85
2014,119064,MC,Murray,Lower,482,7,3,2009,0.18,5632.35,0.43,5227.39,0.23,6647.46,0.33,2886.81,0.35,4650.46,0.41,4446.02,0.40,5376.08,0.37,16.85
2014,119073,MC,Murray,Lower,798,11,7,2009,0.11,5632.35,0.43,5227.39,0.23,6647.46,0.33,2886.81,0.35,4650.46,0.41,4446.02,0.40,5376.08,0.37,16.85
2013,4025,MC,Murray,Lower,1008,19,16,2009,0.09,5632.35,0.43,5227.39,0.23,6647.46,0.33,2886.81,0.35,4650.46,0.41,4446.02,0.40,5376.08,0.37,16.85
2010,106313,MC,Murray,Lower,554,6,6,2009,0.13,5632.35,0.43,5227.39,0.23,6647.46,0.33,2886.81,0.35,4650.46,0.41,4446.02,0.40,5376.08,0.37,16.85
2010,100604,MC,Murray,Lower,594,7,7,2009,0.10,5632.35,0.43,5227.39,0.23,6647.46,0.33,2886.81,0.35,4650.46,0.41,4446.02,0.40,5376.08,0.37,16.85
2011,105287,MC,Murray,Lower,365,3,2,2009,0.28,5632.35,0.43,5227.39,0.23,6647.46,0.33,2886.81,0.35,4650.46,0.41,4446.02,0.40,5376.08,0.37,16.85
2011,112204,MC,Murray,Lower,455,4,3,2009,0.15,5632.35,0.43,5227.39,0.23,6647.46,0.33,2886.81,0.35,4650.46,0.41,4446.02,0.40,5376.08,0.37,16.85
2011,113503,MC,Murray,Lower,550,7,6,2009,0.17,5632.35,0.43,5227.39,0.23,6647.46,0.33,2886.81,0.35,4650.46,0.41,4446.02,0.40,5376.08,0.37,16.85
2012,121364,MC,Murray,Lower,375,4,2,2009,0.25,5632.35,0.43,5227.39,0.23,6647.46,0.33,2886.81,0.35,4650.46,0.41,4446.02,0.40,5376.08,0.37,16.85
2012,124991,MC,Murray,Lower,647,10,8,2009,0.10,5632.35,0.43,5227.39,0.23,6647.46,0.33,2886.81,0.35,4650.46,0.41,4446.02,0.40,5376.08,0.37,16.85
2012,128488,MC,Murray,Lower,727,10,8,2009,0.11,5632.35,0.43,5227.39,0.23,6647.46,0.33,2886.81,0.35,4650.46,0.41,4446.02,0.40,5376.08,0.37,16.85
2012,128335,MC,Murray,Lower,550,11,9,2009,0.10,5632.35,0.43,5227.39,0.23,6647.46,0.33,2886.81,0.35,4650.46,0.41,4446.02,0.40,5376.08,0.37,16.85
2012,102269,MC,Murray,Lower,610,13,11,2009,0.08,5632.35,0.43,5227.39,0.23,6647.46,0.33,2886.81,0.35,4650.46,0.41,4446.02,0.40,5376.08,0.37,16.85
2013,16407,MC,Murray,Lower,685,10,7,2009,0.11,5632.35,0.43,5227.39,0.23,6647.46,0.33,2886.81,0.35,4650.46,0.41,4446.02,0.40,5376.08,0.37,16.85
2014,130797,MC,Murray,Lower,795,12,8,2009,0.11,5632.35,0.43,5227.39,0.23,6647.46,0.33,2886.81,0.35,4650.46,0.41,4446.02,0.40,5376.08,0.37,16.85
2013,25784,MC,Murray,Lower,627,14,12,2010,0.11,9858.13,1.01,9254.32,0.18,6661.98,0.39,2982.09,0.54,5632.35,0.43,5227.39,0.23,6647.46,0.33,17.36
2014,12865,MC,Murray,Lower,575,11,8,2010,0.11,9858.13,1.01,9254.32,0.18,6661.98,0.39,2982.09,0.54,5632.35,0.43,5227.39,0.23,6647.46,0.33,17.36
2014,119059,MC,Murray,Lower,581,7,4,2010,0.21,9858.13,1.01,9254.32,0.18,6661.98,0.39,2982.09,0.54,5632.35,0.43,5227.39,0.23,6647.46,0.33,17.36
2014,119061,MC,Murray,Lower,556,9,6,2010,0.14,9858.13,1.01,9254.32,0.18,6661.98,0.39,2982.09,0.54,5632.35,0.43,5227.39,0.23,6647.46,0.33,17.36
2014,119062,MC,Murray,Lower,565,7,4,2010,0.18,9858.13,1.01,9254.32,0.18,6661.98,0.39,2982.09,0.54,5632.35,0.43,5227.39,0.23,6647.46,0.33,17.36
2014,119063,MC,Murray,Lower,534,9,6,2010,0.15,9858.13,1.01,9254.32,0.18,6661.98,0.39,2982.09,0.54,5632.35,0.43,5227.39,0.23,6647.46,0.33,17.36
2014,119064,MC,Murray,Lower,482,7,4,2010,0.16,9858.13,1.01,9254.32,0.18,6661.98,0.39,2982.09,0.54,5632.35,0.43,5227.39,0.23,6647.46,0.33,17.36
2014,119073,MC,Murray,Lower,798,11,8,2010,0.11,9858.13,1.01,9254.32,0.18,6661.98,0.39,2982.09,0.54,5632.35,0.43,5227.39,0.23,6647.46,0.33,17.36
2014,130797,MC,Murray,Lower,795,12,9,2010,0.11,9858.13,1.01,9254.32,0.18,6661.98,0.39,2982.09,0.54,5632.35,0.43,5227.39,0.23,6647.46,0.33,17.36
2012,102269,MC,Murray,Lower,610,13,12,2010,0.09,9858.13,1.01,9254.32,0.18,6661.98,0.39,2982.09,0.54,5632.35,0.43,5227.39,0.23,6647.46,0.33,17.36
2011,ARI-11-4,MC,Murray,Lower,922,13,13,2010,0.11,9858.13,1.01,9254.32,0.18,6661.98,0.39,2982.09,0.54,5632.35,0.43,5227.39,0.23,6647.46,0.33,17.36
2011,105287,MC,Murray,Lower,365,3,3,2010,0.22,9858.13,1.01,9254.32,0.18,6661.98,0.39,2982.09,0.54,5632.35,0.43,5227.39,0.23,6647.46,0.33,17.36
2013,4025,MC,Murray,Lower,1008,19,17,2010,0.11,9858.13,1.01,9254.32,0.18,6661.98,0.39,2982.09,0.54,5632.35,0.43,5227.39,0.23,6647.46,0.33,17.36
2013,16407,MC,Murray,Lower,685,10,8,2010,0.12,9858.13,1.01,9254.32,0.18,6661.98,0.39,2982.09,0.54,5632.35,0.43,5227.39,0.23,6647.46,0.33,17.36
2012,128335,MC,Murray,Lower,550,11,10,2010,0.11,9858.13,1.01,9254.32,0.18,6661.98,0.39,2982.09,0.54,5632.35,0.43,5227.39,0.23,6647.46,0.33,17.36
2012,124991,MC,Murray,Lower,647,10,9,2010,0.10,9858.13,1.01,9254.32,0.18,6661.98,0.39,2982.09,0.54,5632.35,0.43,5227.39,0.23,6647.46,0.33,17.36
2012,121364,MC,Murray,Lower,375,4,3,2010,0.18,9858.13,1.01,9254.32,0.18,6661.98,0.39,2982.09,0.54,5632.35,0.43,5227.39,0.23,6647.46,0.33,17.36
2012,128488,MC,Murray,Lower,727,10,9,2010,0.10,9858.13,1.01,9254.32,0.18,6661.98,0.39,2982.09,0.54,5632.35,0.43,5227.39,0.23,6647.46,0.33,17.36
2011,112204,MC,Murray,Lower,455,4,4,2010,0.20,9858.13,1.01,9254.32,0.18,6661.98,0.39,2982.09,0.54,5632.35,0.43,5227.39,0.23,6647.46,0.33,17.36
2011,113503,MC,Murray,Lower,550,7,7,2010,0.12,9858.13,1.01,9254.32,0.18,6661.98,0.39,2982.09,0.54,5632.35,0.43,5227.39,0.23,6647.46,0.33,17.36
2014,119061,MC,Murray,Lower,556,9,7,2011,0.15,22476.51,0.59,26364.87,0.62,23506.96,0.68,9268.63,0.64,9858.13,1.01,9254.32,0.18,6661.98,0.39,16.92
2014,119063,MC,Murray,Lower,534,9,7,2011,0.16,22476.51,0.59,26364.87,0.62,23506.96,0.68,9268.63,0.64,9858.13,1.01,9254.32,0.18,6661.98,0.39,16.92
2014,119059,MC,Murray,Lower,581,7,5,2011,0.14,22476.51,0.59,26364.87,0.62,23506.96,0.68,9268.63,0.64,9858.13,1.01,9254.32,0.18,6661.98,0.39,16.92
2014,119062,MC,Murray,Lower,565,7,5,2011,0.18,22476.51,0.59,26364.87,0.62,23506.96,0.68,9268.63,0.64,9858.13,1.01,9254.32,0.18,6661.98,0.39,16.92
2014,119066,MC,Murray,Lower,335,3,1,2011,0.40,22476.51,0.59,26364.87,0.62,23506.96,0.68,9268.63,0.64,9858.13,1.01,9254.32,0.18,6661.98,0.39,16.92
2014,119069,MC,Murray,Lower,302,3,1,2011,0.51,22476.51,0.59,26364.87,0.62,23506.96,0.68,9268.63,0.64,9858.13,1.01,9254.32,0.18,6661.98,0.39,16.92
2014,119073,MC,Murray,Lower,798,11,9,2011,0.18,22476.51,0.59,26364.87,0.62,23506.96,0.68,9268.63,0.64,9858.13,1.01,9254.32,0.18,6661.98,0.39,16.92
2014,127459,MC,Murray,Lower,241,3,1,2011,0.38,22476.51,0.59,26364.87,0.62,23506.96,0.68,9268.63,0.64,9858.13,1.01,9254.32,0.18,6661.98,0.39,16.92
2014,130450,MC,Murray,Lower,248,3,1,2011,0.33,22476.51,0.59,26364.87,0.62,23506.96,0.68,9268.63,0.64,9858.13,1.01,9254.32,0.18,6661.98,0.39,16.92
2014,130797,MC,Murray,Lower,795,12,10,2011,0.14,22476.51,0.59,26364.87,0.62,23506.96,0.68,9268.63,0.64,9858.13,1.01,9254.32,0.18,6661.98,0.39,16.92
2014,12865,MC,Murray,Lower,575,11,9,2011,0.14,22476.51,0.59,26364.87,0.62,23506.96,0.68,9268.63,0.64,9858.13,1.01,9254.32,0.18,6661.98,0.39,16.92
2011,111330,MC,Murray,Lower,123,1,1,2011,0.36,22476.51,0.59,26364.87,0.62,23506.96,0.68,9268.63,0.64,9858.13,1.01,9254.32,0.18,6661.98,0.39,16.92
2013,4025,MC,Murray,Lower,1008,19,18,2011,0.12,22476.51,0.59,26364.87,0.62,23506.96,0.68,9268.63,0.64,9858.13,1.01,9254.32,0.18,6661.98,0.39,16.92
2013,25784,MC,Murray,Lower,627,14,13,2011,0.09,22476.51,0.59,26364.87,0.62,23506.96,0.68,9268.63,0.64,9858.13,1.01,9254.32,0.18,6661.98,0.39,16.92
2013,16407,MC,Murray,Lower,685,10,9,2011,0.12,22476.51,0.59,26364.87,0.62,23506.96,0.68,9268.63,0.64,9858.13,1.01,9254.32,0.18,6661.98,0.39,16.92
2012,102269,MC,Murray,Lower,610,13,13,2011,0.12,22476.51,0.59,26364.87,0.62,23506.96,0.68,9268.63,0.64,9858.13,1.01,9254.32,0.18,6661.98,0.39,16.92
2012,128335,MC,Murray,Lower,550,11,11,2011,0.13,22476.51,0.59,26364.87,0.62,23506.96,0.68,9268.63,0.64,9858.13,1.01,9254.32,0.18,6661.98,0.39,16.92
2012,128488,MC,Murray,Lower,727,10,10,2011,0.09,22476.51,0.59,26364.87,0.62,23506.96,0.68,9268.63,0.64,9858.13,1.01,9254.32,0.18,6661.98,0.39,16.92
2012,121364,MC,Murray,Lower,375,4,4,2011,0.16,22476.51,0.59,26364.87,0.62,23506.96,0.68,9268.63,0.64,9858.13,1.01,9254.32,0.18,6661.98,0.39,16.92
2014,119064,MC,Murray,Lower,482,7,5,2011,0.13,22476.51,0.59,26364.87,0.62,23506.96,0.68,9268.63,0.64,9858.13,1.01,9254.32,0.18,6661.98,0.39,16.92
2012,124991,MC,Murray,Lower,647,10,10,2011,0.14,22476.51,0.59,26364.87,0.62,23506.96,0.68,9268.63,0.64,9858.13,1.01,9254.32,0.18,6661.98,0.39,16.92
2013,128828,MC,Murray,Lower,192,1,1,2012,0.43,15827.95,0.73,14721.29,0.49,10678.18,0.89,22201.34,0.46,22476.51,0.59,26364.87,0.62,23506.96,0.68,18.98
2014,119064,MC,Murray,Lower,482,7,6,2012,0.14,15827.95,0.73,14721.29,0.49,10678.18,0.89,22201.34,0.46,22476.51,0.59,26364.87,0.62,23506.96,0.68,18.98
2014,119063,MC,Murray,Lower,534,9,8,2012,0.10,15827.95,0.73,14721.29,0.49,10678.18,0.89,22201.34,0.46,22476.51,0.59,26364.87,0.62,23506.96,0.68,18.98
2014,119066,MC,Murray,Lower,335,3,2,2012,0.28,15827.95,0.73,14721.29,0.49,10678.18,0.89,22201.34,0.46,22476.51,0.59,26364.87,0.62,23506.96,0.68,18.98
2014,119062,MC,Murray,Lower,565,7,6,2012,0.13,15827.95,0.73,14721.29,0.49,10678.18,0.89,22201.34,0.46,22476.51,0.59,26364.87,0.62,23506.96,0.68,18.98
2014,119069,MC,Murray,Lower,302,3,2,2012,0.28,15827.95,0.73,14721.29,0.49,10678.18,0.89,22201.34,0.46,22476.51,0.59,26364.87,0.62,23506.96,0.68,18.98
2014,119065,MC,Murray,Lower,281,2,1,2012,0.34,15827.95,0.73,14721.29,0.49,10678.18,0.89,22201.34,0.46,22476.51,0.59,26364.87,0.62,23506.96,0.68,18.98
2014,119070,MC,Murray,Lower,277,2,1,2012,0.43,15827.95,0.73,14721.29,0.49,10678.18,0.89,22201.34,0.46,22476.51,0.59,26364.87,0.62,23506.96,0.68,18.98
2014,119072,MC,Murray,Lower,269,2,1,2012,0.45,15827.95,0.73,14721.29,0.49,10678.18,0.89,22201.34,0.46,22476.51,0.59,26364.87,0.62,23506.96,0.68,18.98
2014,119073,MC,Murray,Lower,798,11,10,2012,0.13,15827.95,0.73,14721.29,0.49,10678.18,0.89,22201.34,0.46,22476.51,0.59,26364.87,0.62,23506.96,0.68,18.98
2014,123107,MC,Murray,Lower,252,2,1,2012,0.35,15827.95,0.73,14721.29,0.49,10678.18,0.89,22201.34,0.46,22476.51,0.59,26364.87,0.62,23506.96,0.68,18.98
2014,127459,MC,Murray,Lower,241,3,2,2012,0.24,15827.95,0.73,14721.29,0.49,10678.18,0.89,22201.34,0.46,22476.51,0.59,26364.87,0.62,23506.96,0.68,18.98
2014,130208,MC,Murray,Lower,264,2,1,2012,0.34,15827.95,0.73,14721.29,0.49,10678.18,0.89,22201.34,0.46,22476.51,0.59,26364.87,0.62,23506.96,0.68,18.98
2014,130450,MC,Murray,Lower,248,3,2,2012,0.29,15827.95,0.73,14721.29,0.49,10678.18,0.89,22201.34,0.46,22476.51,0.59,26364.87,0.62,23506.96,0.68,18.98
2014,130797,MC,Murray,Lower,795,12,11,2012,0.11,15827.95,0.73,14721.29,0.49,10678.18,0.89,22201.34,0.46,22476.51,0.59,26364.87,0.62,23506.96,0.68,18.98
2014,130879,MC,Murray,Lower,294,2,1,2012,0.38,15827.95,0.73,14721.29,0.49,10678.18,0.89,22201.34,0.46,22476.51,0.59,26364.87,0.62,23506.96,0.68,18.98
2014,119068,MC,Murray,Lower,235,2,1,2012,0.44,15827.95,0.73,14721.29,0.49,10678.18,0.89,22201.34,0.46,22476.51,0.59,26364.87,0.62,23506.96,0.68,18.98
2013,105320,MC,Murray,Lower,178,1,1,2012,0.45,15827.95,0.73,14721.29,0.49,10678.18,0.89,22201.34,0.46,22476.51,0.59,26364.87,0.62,23506.96,0.68,18.98
2014,119067,MC,Murray,Lower,281,2,1,2012,0.36,15827.95,0.73,14721.29,0.49,10678.18,0.89,22201.34,0.46,22476.51,0.59,26364.87,0.62,23506.96,0.68,18.98
2014,119061,MC,Murray,Lower,556,9,8,2012,0.15,15827.95,0.73,14721.29,0.49,10678.18,0.89,22201.34,0.46,22476.51,0.59,26364.87,0.62,23506.96,0.68,18.98
2013,128827,MC,Murray,Lower,242,1,1,2012,0.49,15827.95,0.73,14721.29,0.49,10678.18,0.89,22201.34,0.46,22476.51,0.59,26364.87,0.62,23506.96,0.68,18.98
2013,118906,MC,Murray,Lower,206,1,1,2012,0.43,15827.95,0.73,14721.29,0.49,10678.18,0.89,22201.34,0.46,22476.51,0.59,26364.87,0.62,23506.96,0.68,18.98
2013,104511,MC,Murray,Lower,225,1,1,2012,0.48,15827.95,0.73,14721.29,0.49,10678.18,0.89,22201.34,0.46,22476.51,0.59,26364.87,0.62,23506.96,0.68,18.98
2013,104509,MC,Murray,Lower,205,1,1,2012,0.36,15827.95,0.73,14721.29,0.49,10678.18,0.89,22201.34,0.46,22476.51,0.59,26364.87,0.62,23506.96,0.68,18.98
2013,104508,MC,Murray,Lower,206,1,1,2012,0.51,15827.95,0.73,14721.29,0.49,10678.18,0.89,22201.34,0.46,22476.51,0.59,26364.87,0.62,23506.96,0.68,18.98
2013,104507,MC,Murray,Lower,201,1,1,2012,0.43,15827.95,0.73,14721.29,0.49,10678.18,0.89,22201.34,0.46,22476.51,0.59,26364.87,0.62,23506.96,0.68,18.98
2014,119059,MC,Murray,Lower,581,7,6,2012,0.15,15827.95,0.73,14721.29,0.49,10678.18,0.89,22201.34,0.46,22476.51,0.59,26364.87,0.62,23506.96,0.68,18.98
2013,104504,MC,Murray,Lower,190,1,1,2012,0.46,15827.95,0.73,14721.29,0.49,10678.18,0.89,22201.34,0.46,22476.51,0.59,26364.87,0.62,23506.96,0.68,18.98
2013,4025,MC,Murray,Lower,1008,19,19,2012,0.12,15827.95,0.73,14721.29,0.49,10678.18,0.89,22201.34,0.46,22476.51,0.59,26364.87,0.62,23506.96,0.68,18.98
2013,25784,MC,Murray,Lower,627,14,14,2012,0.14,15827.95,0.73,14721.29,0.49,10678.18,0.89,22201.34,0.46,22476.51,0.59,26364.87,0.62,23506.96,0.68,18.98
2013,16407,MC,Murray,Lower,685,10,10,2012,0.13,15827.95,0.73,14721.29,0.49,10678.18,0.89,22201.34,0.46,22476.51,0.59,26364.87,0.62,23506.96,0.68,18.98
2014,12865,MC,Murray,Lower,575,11,10,2012,0.10,15827.95,0.73,14721.29,0.49,10678.18,0.89,22201.34,0.46,22476.51,0.59,26364.87,0.62,23506.96,0.68,18.98
2013,104505,MC,Murray,Lower,200,1,1,2012,0.42,15827.95,0.73,14721.29,0.49,10678.18,0.89,22201.34,0.46,22476.51,0.59,26364.87,0.62,23506.96,0.68,18.98
2013,128826,MC,Murray,Lower,204,1,1,2012,0.41,15827.95,0.73,14721.29,0.49,10678.18,0.89,22201.34,0.46,22476.51,0.59,26364.87,0.62,23506.96,0.68,18.98
2014,119060,MC,Murray,Lower,230,2,1,2012,0.42,15827.95,0.73,14721.29,0.49,10678.18,0.89,22201.34,0.46,22476.51,0.59,26364.87,0.62,23506.96,0.68,18.98
2014,119073,MC,Murray,Lower,798,11,11,2013,0.12,11497.22,0.77,14721.29,0.49,7664.24,0.25,24516.54,0.56,15827.95,0.73,14721.29,0.49,10678.18,0.89,17.371506849
2014,123107,MC,Murray,Lower,252,2,2,2013,0.24,11497.22,0.77,14721.29,0.49,7664.24,0.25,24516.54,0.56,15827.95,0.73,14721.29,0.49,10678.18,0.89,17.371506849
2014,130208,MC,Murray,Lower,264,2,2,2013,0.33,11497.22,0.77,14721.29,0.49,7664.24,0.25,24516.54,0.56,15827.95,0.73,14721.29,0.49,10678.18,0.89,17.371506849
2014,130369,MC,Murray,Lower,160,1,1,2013,0.42,11497.22,0.77,14721.29,0.49,7664.24,0.25,24516.54,0.56,15827.95,0.73,14721.29,0.49,10678.18,0.89,17.371506849
2014,130370,MC,Murray,Lower,162,1,1,2013,0.41,11497.22,0.77,14721.29,0.49,7664.24,0.25,24516.54,0.56,15827.95,0.73,14721.29,0.49,10678.18,0.89,17.371506849
2014,130797,MC,Murray,Lower,795,12,12,2013,0.08,11497.22,0.77,14721.29,0.49,7664.24,0.25,24516.54,0.56,15827.95,0.73,14721.29,0.49,10678.18,0.89,17.371506849
2014,130882,MC,Murray,Lower,195,1,1,2013,0.42,11497.22,0.77,14721.29,0.49,7664.24,0.25,24516.54,0.56,15827.95,0.73,14721.29,0.49,10678.18,0.89,17.371506849
2014,ARI-14-11,MC,Murray,Lower,136,1,1,2013,0.39,11497.22,0.77,14721.29,0.49,7664.24,0.25,24516.54,0.56,15827.95,0.73,14721.29,0.49,10678.18,0.89,17.371506849
2014,119072,MC,Murray,Lower,269,2,2,2013,0.32,11497.22,0.77,14721.29,0.49,7664.24,0.25,24516.54,0.56,15827.95,0.73,14721.29,0.49,10678.18,0.89,17.371506849
2014,119059,MC,Murray,Lower,581,7,7,2013,0.08,11497.22,0.77,14721.29,0.49,7664.24,0.25,24516.54,0.56,15827.95,0.73,14721.29,0.49,10678.18,0.89,17.371506849
2014,130879,MC,Murray,Lower,294,2,2,2013,0.31,11497.22,0.77,14721.29,0.49,7664.24,0.25,24516.54,0.56,15827.95,0.73,14721.29,0.49,10678.18,0.89,17.371506849
2014,119070,MC,Murray,Lower,277,2,2,2013,0.32,11497.22,0.77,14721.29,0.49,7664.24,0.25,24516.54,0.56,15827.95,0.73,14721.29,0.49,10678.18,0.89,17.371506849
2014,119068,MC,Murray,Lower,235,2,2,2013,0.28,11497.22,0.77,14721.29,0.49,7664.24,0.25,24516.54,0.56,15827.95,0.73,14721.29,0.49,10678.18,0.89,17.371506849
2014,119067,MC,Murray,Lower,281,2,2,2013,0.32,11497.22,0.77,14721.29,0.49,7664.24,0.25,24516.54,0.56,15827.95,0.73,14721.29,0.49,10678.18,0.89,17.371506849
2014,119066,MC,Murray,Lower,335,3,3,2013,0.24,11497.22,0.77,14721.29,0.49,7664.24,0.25,24516.54,0.56,15827.95,0.73,14721.29,0.49,10678.18,0.89,17.371506849
2014,119065,MC,Murray,Lower,281,2,2,2013,0.28,11497.22,0.77,14721.29,0.49,7664.24,0.25,24516.54,0.56,15827.95,0.73,14721.29,0.49,10678.18,0.89,17.371506849
2014,119064,MC,Murray,Lower,482,7,7,2013,0.09,11497.22,0.77,14721.29,0.49,7664.24,0.25,24516.54,0.56,15827.95,0.73,14721.29,0.49,10678.18,0.89,17.371506849
2014,119063,MC,Murray,Lower,534,9,9,2013,0.09,11497.22,0.77,14721.29,0.49,7664.24,0.25,24516.54,0.56,15827.95,0.73,14721.29,0.49,10678.18,0.89,17.371506849
2014,119062,MC,Murray,Lower,565,7,7,2013,0.09,11497.22,0.77,14721.29,0.49,7664.24,0.25,24516.54,0.56,15827.95,0.73,14721.29,0.49,10678.18,0.89,17.371506849
2014,119060,MC,Murray,Lower,230,2,2,2013,0.25,11497.22,0.77,14721.29,0.49,7664.24,0.25,24516.54,0.56,15827.95,0.73,14721.29,0.49,10678.18,0.89,17.371506849
2014,12865,MC,Murray,Lower,575,11,11,2013,0.08,11497.22,0.77,14721.29,0.49,7664.24,0.25,24516.54,0.56,15827.95,0.73,14721.29,0.49,10678.18,0.89,17.371506849
2014,ARI-14-18,MC,Murray,Lower,148,1,1,2013,0.41,11497.22,0.77,14721.29,0.49,7664.24,0.25,24516.54,0.56,15827.95,0.73,14721.29,0.49,10678.18,0.89,17.371506849
2014,119061,MC,Murray,Lower,556,9,9,2013,0.09,11497.22,0.77,14721.29,0.49,7664.24,0.25,24516.54,0.56,15827.95,0.73,14721.29,0.49,10678.18,0.89,17.371506849
2011,ARI-11-9,MC,Ovens,Middle,680,13,2,1999,0.28,3675.34,1.30,10411.39,1.36,625.13,0.89,3216.78,0.95,2685.08,3.14,2774.39,1.03,197.66,0.70,16.84
2011,ARI-11-9,MC,Ovens,Middle,680,13,3,2000,0.21,4362.03,1.53,4550.67,0.93,779.80,0.77,4867.42,0.79,3675.34,1.30,10411.39,1.36,625.13,0.89,17.17
2009,O904,MC,Ovens,Middle,625,8,1,2001,0.45,3844.63,1.56,15580.83,0.66,939.35,1.02,7533.84,0.55,4362.03,1.53,4550.67,0.93,779.80,0.77,16.50
2011,ARI-11-9,MC,Ovens,Middle,680,13,4,2001,0.15,3844.63,1.56,15580.83,0.66,939.35,1.02,7533.84,0.55,4362.03,1.53,4550.67,0.93,779.80,0.77,16.50
2011,ARI-11-9,MC,Ovens,Middle,680,13,5,2002,0.12,2096.56,1.25,6478.51,0.47,502.71,0.71,2445.63,1.02,3844.63,1.56,15580.83,0.66,939.35,1.02,15.03
2008,O89,MC,Ovens,Middle,650,6,1,2002,0.41,2096.56,1.25,6478.51,0.47,502.71,0.71,2445.63,1.02,3844.63,1.56,15580.83,0.66,939.35,1.02,15.03
2010,111454,MC,Ovens,Middle,600,8,1,2002,0.47,2096.56,1.25,6478.51,0.47,502.71,0.71,2445.63,1.02,3844.63,1.56,15580.83,0.66,939.35,1.02,15.03
2012,101935,MC,Ovens,Middle,710,10,1,2002,0.40,2096.56,1.25,6478.51,0.47,502.71,0.71,2445.63,1.02,3844.63,1.56,15580.83,0.66,939.35,1.02,15.03
2009,O904,MC,Ovens,Middle,625,8,2,2002,0.26,2096.56,1.25,6478.51,0.47,502.71,0.71,2445.63,1.02,3844.63,1.56,15580.83,0.66,939.35,1.02,15.03
2011,ARI-11-10,MC,Ovens,Middle,610,8,1,2003,0.39,3007.83,1.93,1525.23,0.89,168.06,1.38,2223.14,0.51,2096.56,1.25,6478.51,0.47,502.71,0.71,16.33
2008,O732,MC,Ovens,Middle,530,5,1,2003,0.36,3007.83,1.93,1525.23,0.89,168.06,1.38,2223.14,0.51,2096.56,1.25,6478.51,0.47,502.71,0.71,16.33
2008,O89,MC,Ovens,Middle,650,6,2,2003,0.34,3007.83,1.93,1525.23,0.89,168.06,1.38,2223.14,0.51,2096.56,1.25,6478.51,0.47,502.71,0.71,16.33
2009,O904,MC,Ovens,Middle,625,8,3,2003,0.33,3007.83,1.93,1525.23,0.89,168.06,1.38,2223.14,0.51,2096.56,1.25,6478.51,0.47,502.71,0.71,16.33
2012,101935,MC,Ovens,Middle,710,10,2,2003,0.31,3007.83,1.93,1525.23,0.89,168.06,1.38,2223.14,0.51,2096.56,1.25,6478.51,0.47,502.71,0.71,16.33
2011,1122,MC,Ovens,Middle,740,9,1,2003,0.36,3007.83,1.93,1525.23,0.89,168.06,1.38,2223.14,0.51,2096.56,1.25,6478.51,0.47,502.71,0.71,16.33
2011,ARI-11-9,MC,Ovens,Middle,680,13,6,2003,0.09,3007.83,1.93,1525.23,0.89,168.06,1.38,2223.14,0.51,2096.56,1.25,6478.51,0.47,502.71,0.71,16.33
2009,O903,MC,Ovens,Middle,590,6,1,2003,0.42,3007.83,1.93,1525.23,0.89,168.06,1.38,2223.14,0.51,2096.56,1.25,6478.51,0.47,502.71,0.71,16.33
2010,1013,MC,Ovens,Middle,695,7,1,2003,0.40,3007.83,1.93,1525.23,0.89,168.06,1.38,2223.14,0.51,2096.56,1.25,6478.51,0.47,502.71,0.71,16.33
2010,111454,MC,Ovens,Middle,600,8,2,2003,0.28,3007.83,1.93,1525.23,0.89,168.06,1.38,2223.14,0.51,2096.56,1.25,6478.51,0.47,502.71,0.71,16.33
2009,O905,MC,Ovens,Middle,620,6,1,2003,0.43,3007.83,1.93,1525.23,0.89,168.06,1.38,2223.14,0.51,2096.56,1.25,6478.51,0.47,502.71,0.71,16.33
2012,1205,MC,Ovens,Middle,720,9,1,2003,0.37,3007.83,1.93,1525.23,0.89,168.06,1.38,2223.14,0.51,2096.56,1.25,6478.51,0.47,502.71,0.71,16.33
2009,O903,MC,Ovens,Middle,590,6,2,2004,0.31,3590.04,1.32,6708.63,0.59,1071.65,1.31,7223.61,1.18,3007.83,1.93,1525.23,0.89,168.06,1.38,15.39
2012,1205,MC,Ovens,Middle,720,9,2,2004,0.33,3590.04,1.32,6708.63,0.59,1071.65,1.31,7223.61,1.18,3007.83,1.93,1525.23,0.89,168.06,1.38,15.39
2011,ARI-11-13,MC,Ovens,Middle,632,7,1,2004,0.46,3590.04,1.32,6708.63,0.59,1071.65,1.31,7223.61,1.18,3007.83,1.93,1525.23,0.89,168.06,1.38,15.39
2011,ARI-11-12,MC,Ovens,Middle,627,7,1,2004,0.39,3590.04,1.32,6708.63,0.59,1071.65,1.31,7223.61,1.18,3007.83,1.93,1525.23,0.89,168.06,1.38,15.39
2011,ARI-11-9,MC,Ovens,Middle,680,13,7,2004,0.10,3590.04,1.32,6708.63,0.59,1071.65,1.31,7223.61,1.18,3007.83,1.93,1525.23,0.89,168.06,1.38,15.39
2011,ARI-11-10,MC,Ovens,Middle,610,8,2,2004,0.25,3590.04,1.32,6708.63,0.59,1071.65,1.31,7223.61,1.18,3007.83,1.93,1525.23,0.89,168.06,1.38,15.39
2011,1122,MC,Ovens,Middle,740,9,2,2004,0.31,3590.04,1.32,6708.63,0.59,1071.65,1.31,7223.61,1.18,3007.83,1.93,1525.23,0.89,168.06,1.38,15.39
2010,111454,MC,Ovens,Middle,600,8,3,2004,0.24,3590.04,1.32,6708.63,0.59,1071.65,1.31,7223.61,1.18,3007.83,1.93,1525.23,0.89,168.06,1.38,15.39
2010,1013,MC,Ovens,Middle,695,7,2,2004,0.29,3590.04,1.32,6708.63,0.59,1071.65,1.31,7223.61,1.18,3007.83,1.93,1525.23,0.89,168.06,1.38,15.39
2008,O89,MC,Ovens,Middle,650,6,3,2004,0.21,3590.04,1.32,6708.63,0.59,1071.65,1.31,7223.61,1.18,3007.83,1.93,1525.23,0.89,168.06,1.38,15.39
2009,O905,MC,Ovens,Middle,620,6,2,2004,0.25,3590.04,1.32,6708.63,0.59,1071.65,1.31,7223.61,1.18,3007.83,1.93,1525.23,0.89,168.06,1.38,15.39
2008,O741,MC,Ovens,Middle,590,5,1,2004,0.58,3590.04,1.32,6708.63,0.59,1071.65,1.31,7223.61,1.18,3007.83,1.93,1525.23,0.89,168.06,1.38,15.39
2012,101935,MC,Ovens,Middle,710,10,3,2004,0.27,3590.04,1.32,6708.63,0.59,1071.65,1.31,7223.61,1.18,3007.83,1.93,1525.23,0.89,168.06,1.38,15.39
2009,O904,MC,Ovens,Middle,625,8,4,2004,0.19,3590.04,1.32,6708.63,0.59,1071.65,1.31,7223.61,1.18,3007.83,1.93,1525.23,0.89,168.06,1.38,15.39
2008,O732,MC,Ovens,Middle,530,5,2,2004,0.34,3590.04,1.32,6708.63,0.59,1071.65,1.31,7223.61,1.18,3007.83,1.93,1525.23,0.89,168.06,1.38,15.39
2010,1013,MC,Ovens,Middle,695,7,3,2005,0.19,3994.02,1.21,6850.90,1.01,1582.59,1.59,5011.84,0.72,3590.04,1.32,6708.63,0.59,1071.65,1.31,15.40
2008,O741,MC,Ovens,Middle,590,5,2,2005,0.27,3994.02,1.21,6850.90,1.01,1582.59,1.59,5011.84,0.72,3590.04,1.32,6708.63,0.59,1071.65,1.31,15.40
2008,O732,MC,Ovens,Middle,530,5,3,2005,0.24,3994.02,1.21,6850.90,1.01,1582.59,1.59,5011.84,0.72,3590.04,1.32,6708.63,0.59,1071.65,1.31,15.40
2008,O89,MC,Ovens,Middle,650,6,4,2005,0.22,3994.02,1.21,6850.90,1.01,1582.59,1.59,5011.84,0.72,3590.04,1.32,6708.63,0.59,1071.65,1.31,15.40
2009,O903,MC,Ovens,Middle,590,6,3,2005,0.24,3994.02,1.21,6850.90,1.01,1582.59,1.59,5011.84,0.72,3590.04,1.32,6708.63,0.59,1071.65,1.31,15.40
2009,O905,MC,Ovens,Middle,620,6,3,2005,0.20,3994.02,1.21,6850.90,1.01,1582.59,1.59,5011.84,0.72,3590.04,1.32,6708.63,0.59,1071.65,1.31,15.40
2012,101935,MC,Ovens,Middle,710,10,4,2005,0.20,3994.02,1.21,6850.90,1.01,1582.59,1.59,5011.84,0.72,3590.04,1.32,6708.63,0.59,1071.65,1.31,15.40
2010,111454,MC,Ovens,Middle,600,8,4,2005,0.16,3994.02,1.21,6850.90,1.01,1582.59,1.59,5011.84,0.72,3590.04,1.32,6708.63,0.59,1071.65,1.31,15.40
2011,ARI-11-12,MC,Ovens,Middle,627,7,2,2005,0.21,3994.02,1.21,6850.90,1.01,1582.59,1.59,5011.84,0.72,3590.04,1.32,6708.63,0.59,1071.65,1.31,15.40
2011,ARI-11-13,MC,Ovens,Middle,632,7,2,2005,0.26,3994.02,1.21,6850.90,1.01,1582.59,1.59,5011.84,0.72,3590.04,1.32,6708.63,0.59,1071.65,1.31,15.40
2011,1122,MC,Ovens,Middle,740,9,3,2005,0.22,3994.02,1.21,6850.90,1.01,1582.59,1.59,5011.84,0.72,3590.04,1.32,6708.63,0.59,1071.65,1.31,15.40
2011,ARI-11-10,MC,Ovens,Middle,610,8,3,2005,0.21,3994.02,1.21,6850.90,1.01,1582.59,1.59,5011.84,0.72,3590.04,1.32,6708.63,0.59,1071.65,1.31,15.40
2011,ARI-11-9,MC,Ovens,Middle,680,13,8,2005,0.09,3994.02,1.21,6850.90,1.01,1582.59,1.59,5011.84,0.72,3590.04,1.32,6708.63,0.59,1071.65,1.31,15.40
2011,ARI-11-11,MC,Ovens,Middle,530,6,1,2005,0.30,3994.02,1.21,6850.90,1.01,1582.59,1.59,5011.84,0.72,3590.04,1.32,6708.63,0.59,1071.65,1.31,15.40
2012,1205,MC,Ovens,Middle,720,9,3,2005,0.23,3994.02,1.21,6850.90,1.01,1582.59,1.59,5011.84,0.72,3590.04,1.32,6708.63,0.59,1071.65,1.31,15.40
2009,O904,MC,Ovens,Middle,625,8,5,2005,0.10,3994.02,1.21,6850.90,1.01,1582.59,1.59,5011.84,0.72,3590.04,1.32,6708.63,0.59,1071.65,1.31,15.40
2011,ARI-11-11,MC,Ovens,Middle,530,6,2,2006,0.27,1925.86,1.59,10190.29,0.51,875.19,1.21,5313.35,0.73,3994.02,1.21,6850.90,1.01,1582.59,1.59,16.23
2012,101935,MC,Ovens,Middle,710,10,5,2006,0.18,1925.86,1.59,10190.29,0.51,875.19,1.21,5313.35,0.73,3994.02,1.21,6850.90,1.01,1582.59,1.59,16.23
2012,1205,MC,Ovens,Middle,720,9,4,2006,0.15,1925.86,1.59,10190.29,0.51,875.19,1.21,5313.35,0.73,3994.02,1.21,6850.90,1.01,1582.59,1.59,16.23
2011,ARI-11-9,MC,Ovens,Middle,680,13,9,2006,0.08,1925.86,1.59,10190.29,0.51,875.19,1.21,5313.35,0.73,3994.02,1.21,6850.90,1.01,1582.59,1.59,16.23
2011,ARI-11-10,MC,Ovens,Middle,610,8,4,2006,0.15,1925.86,1.59,10190.29,0.51,875.19,1.21,5313.35,0.73,3994.02,1.21,6850.90,1.01,1582.59,1.59,16.23
2011,1122,MC,Ovens,Middle,740,9,4,2006,0.17,1925.86,1.59,10190.29,0.51,875.19,1.21,5313.35,0.73,3994.02,1.21,6850.90,1.01,1582.59,1.59,16.23
2011,ARI-11-13,MC,Ovens,Middle,632,7,3,2006,0.17,1925.86,1.59,10190.29,0.51,875.19,1.21,5313.35,0.73,3994.02,1.21,6850.90,1.01,1582.59,1.59,16.23
2011,ARI-11-12,MC,Ovens,Middle,627,7,3,2006,0.14,1925.86,1.59,10190.29,0.51,875.19,1.21,5313.35,0.73,3994.02,1.21,6850.90,1.01,1582.59,1.59,16.23
2010,1013,MC,Ovens,Middle,695,7,4,2006,0.17,1925.86,1.59,10190.29,0.51,875.19,1.21,5313.35,0.73,3994.02,1.21,6850.90,1.01,1582.59,1.59,16.23
2008,O732,MC,Ovens,Middle,530,5,4,2006,0.14,1925.86,1.59,10190.29,0.51,875.19,1.21,5313.35,0.73,3994.02,1.21,6850.90,1.01,1582.59,1.59,16.23
2008,O89,MC,Ovens,Middle,650,6,5,2006,0.20,1925.86,1.59,10190.29,0.51,875.19,1.21,5313.35,0.73,3994.02,1.21,6850.90,1.01,1582.59,1.59,16.23
2009,O903,MC,Ovens,Middle,590,6,4,2006,0.15,1925.86,1.59,10190.29,0.51,875.19,1.21,5313.35,0.73,3994.02,1.21,6850.90,1.01,1582.59,1.59,16.23
2009,O905,MC,Ovens,Middle,620,6,4,2006,0.15,1925.86,1.59,10190.29,0.51,875.19,1.21,5313.35,0.73,3994.02,1.21,6850.90,1.01,1582.59,1.59,16.23
2009,O904,MC,Ovens,Middle,625,8,6,2006,0.13,1925.86,1.59,10190.29,0.51,875.19,1.21,5313.35,0.73,3994.02,1.21,6850.90,1.01,1582.59,1.59,16.23
2009,113891,MC,Ovens,Middle,398,3,1,2006,0.37,1925.86,1.59,10190.29,0.51,875.19,1.21,5313.35,0.73,3994.02,1.21,6850.90,1.01,1582.59,1.59,16.23
2012,116978,MC,Ovens,Middle,570,6,1,2006,0.44,1925.86,1.59,10190.29,0.51,875.19,1.21,5313.35,0.73,3994.02,1.21,6850.90,1.01,1582.59,1.59,16.23
2010,111454,MC,Ovens,Middle,600,8,5,2006,0.13,1925.86,1.59,10190.29,0.51,875.19,1.21,5313.35,0.73,3994.02,1.21,6850.90,1.01,1582.59,1.59,16.23
2008,O741,MC,Ovens,Middle,590,5,3,2006,0.22,1925.86,1.59,10190.29,0.51,875.19,1.21,5313.35,0.73,3994.02,1.21,6850.90,1.01,1582.59,1.59,16.23
2012,116978,MC,Ovens,Middle,570,6,2,2007,0.34,1033.58,1.76,191.35,0.82,55.26,2.17,513.34,0.25,1925.86,1.59,10190.29,0.51,875.19,1.21,15.97
2012,1205,MC,Ovens,Middle,720,9,5,2007,0.16,1033.58,1.76,191.35,0.82,55.26,2.17,513.34,0.25,1925.86,1.59,10190.29,0.51,875.19,1.21,15.97
2011,116047,MC,Ovens,Middle,595,4,1,2007,0.58,1033.58,1.76,191.35,0.82,55.26,2.17,513.34,0.25,1925.86,1.59,10190.29,0.51,875.19,1.21,15.97
2012,101935,MC,Ovens,Middle,710,10,6,2007,0.13,1033.58,1.76,191.35,0.82,55.26,2.17,513.34,0.25,1925.86,1.59,10190.29,0.51,875.19,1.21,15.97
2009,O903,MC,Ovens,Middle,590,6,5,2007,0.17,1033.58,1.76,191.35,0.82,55.26,2.17,513.34,0.25,1925.86,1.59,10190.29,0.51,875.19,1.21,15.97
2008,O732,MC,Ovens,Middle,530,5,5,2007,0.13,1033.58,1.76,191.35,0.82,55.26,2.17,513.34,0.25,1925.86,1.59,10190.29,0.51,875.19,1.21,15.97
2011,ARI-11-9,MC,Ovens,Middle,680,13,10,2007,0.07,1033.58,1.76,191.35,0.82,55.26,2.17,513.34,0.25,1925.86,1.59,10190.29,0.51,875.19,1.21,15.97
2011,ARI-11-10,MC,Ovens,Middle,610,8,5,2007,0.15,1033.58,1.76,191.35,0.82,55.26,2.17,513.34,0.25,1925.86,1.59,10190.29,0.51,875.19,1.21,15.97
2008,O89,MC,Ovens,Middle,650,6,6,2007,0.14,1033.58,1.76,191.35,0.82,55.26,2.17,513.34,0.25,1925.86,1.59,10190.29,0.51,875.19,1.21,15.97
2008,O741,MC,Ovens,Middle,590,5,4,2007,0.22,1033.58,1.76,191.35,0.82,55.26,2.17,513.34,0.25,1925.86,1.59,10190.29,0.51,875.19,1.21,15.97
2009,113891,MC,Ovens,Middle,398,3,2,2007,0.29,1033.58,1.76,191.35,0.82,55.26,2.17,513.34,0.25,1925.86,1.59,10190.29,0.51,875.19,1.21,15.97
2009,O905,MC,Ovens,Middle,620,6,5,2007,0.15,1033.58,1.76,191.35,0.82,55.26,2.17,513.34,0.25,1925.86,1.59,10190.29,0.51,875.19,1.21,15.97
2009,O904,MC,Ovens,Middle,625,8,7,2007,0.13,1033.58,1.76,191.35,0.82,55.26,2.17,513.34,0.25,1925.86,1.59,10190.29,0.51,875.19,1.21,15.97
2010,1013,MC,Ovens,Middle,695,7,5,2007,0.15,1033.58,1.76,191.35,0.82,55.26,2.17,513.34,0.25,1925.86,1.59,10190.29,0.51,875.19,1.21,15.97
2010,111454,MC,Ovens,Middle,600,8,6,2007,0.14,1033.58,1.76,191.35,0.82,55.26,2.17,513.34,0.25,1925.86,1.59,10190.29,0.51,875.19,1.21,15.97
2010,111453,MC,Ovens,Middle,445,3,1,2007,0.43,1033.58,1.76,191.35,0.82,55.26,2.17,513.34,0.25,1925.86,1.59,10190.29,0.51,875.19,1.21,15.97
2011,ARI-11-11,MC,Ovens,Middle,530,6,3,2007,0.28,1033.58,1.76,191.35,0.82,55.26,2.17,513.34,0.25,1925.86,1.59,10190.29,0.51,875.19,1.21,15.97
2011,ARI-11-12,MC,Ovens,Middle,627,7,4,2007,0.13,1033.58,1.76,191.35,0.82,55.26,2.17,513.34,0.25,1925.86,1.59,10190.29,0.51,875.19,1.21,15.97
2011,1122,MC,Ovens,Middle,740,9,5,2007,0.18,1033.58,1.76,191.35,0.82,55.26,2.17,513.34,0.25,1925.86,1.59,10190.29,0.51,875.19,1.21,15.97
2011,ARI-11-13,MC,Ovens,Middle,632,7,4,2007,0.17,1033.58,1.76,191.35,0.82,55.26,2.17,513.34,0.25,1925.86,1.59,10190.29,0.51,875.19,1.21,15.97
2009,O903,MC,Ovens,Middle,590,6,6,2008,0.17,1407.15,0.99,1261.45,0.39,727.51,1.16,3450.65,0.63,1033.58,1.76,191.35,0.82,55.26,2.17,16.68
2010,111451,MC,Ovens,Middle,220,2,1,2008,0.43,1407.15,0.99,1261.45,0.39,727.51,1.16,3450.65,0.63,1033.58,1.76,191.35,0.82,55.26,2.17,16.68
2012,116978,MC,Ovens,Middle,570,6,3,2008,0.23,1407.15,0.99,1261.45,0.39,727.51,1.16,3450.65,0.63,1033.58,1.76,191.35,0.82,55.26,2.17,16.68
2011,ARI-11-10,MC,Ovens,Middle,610,8,6,2008,0.16,1407.15,0.99,1261.45,0.39,727.51,1.16,3450.65,0.63,1033.58,1.76,191.35,0.82,55.26,2.17,16.68
2009,O904,MC,Ovens,Middle,625,8,8,2008,0.12,1407.15,0.99,1261.45,0.39,727.51,1.16,3450.65,0.63,1033.58,1.76,191.35,0.82,55.26,2.17,16.68
2011,ARI-11-13,MC,Ovens,Middle,632,7,5,2008,0.21,1407.15,0.99,1261.45,0.39,727.51,1.16,3450.65,0.63,1033.58,1.76,191.35,0.82,55.26,2.17,16.68
2011,ARI-11-12,MC,Ovens,Middle,627,7,5,2008,0.15,1407.15,0.99,1261.45,0.39,727.51,1.16,3450.65,0.63,1033.58,1.76,191.35,0.82,55.26,2.17,16.68
2012,1205,MC,Ovens,Middle,720,9,6,2008,0.16,1407.15,0.99,1261.45,0.39,727.51,1.16,3450.65,0.63,1033.58,1.76,191.35,0.82,55.26,2.17,16.68
2011,116047,MC,Ovens,Middle,595,4,2,2008,0.41,1407.15,0.99,1261.45,0.39,727.51,1.16,3450.65,0.63,1033.58,1.76,191.35,0.82,55.26,2.17,16.68
2011,ARI-11-9,MC,Ovens,Middle,680,13,11,2008,0.07,1407.15,0.99,1261.45,0.39,727.51,1.16,3450.65,0.63,1033.58,1.76,191.35,0.82,55.26,2.17,16.68
2010,111454,MC,Ovens,Middle,600,8,7,2008,0.11,1407.15,0.99,1261.45,0.39,727.51,1.16,3450.65,0.63,1033.58,1.76,191.35,0.82,55.26,2.17,16.68
2010,1013,MC,Ovens,Middle,695,7,6,2008,0.15,1407.15,0.99,1261.45,0.39,727.51,1.16,3450.65,0.63,1033.58,1.76,191.35,0.82,55.26,2.17,16.68
2010,111453,MC,Ovens,Middle,445,3,2,2008,0.34,1407.15,0.99,1261.45,0.39,727.51,1.16,3450.65,0.63,1033.58,1.76,191.35,0.82,55.26,2.17,16.68
2009,O905,MC,Ovens,Middle,620,6,6,2008,0.12,1407.15,0.99,1261.45,0.39,727.51,1.16,3450.65,0.63,1033.58,1.76,191.35,0.82,55.26,2.17,16.68
2009,113891,MC,Ovens,Middle,398,3,3,2008,0.22,1407.15,0.99,1261.45,0.39,727.51,1.16,3450.65,0.63,1033.58,1.76,191.35,0.82,55.26,2.17,16.68
2008,O741,MC,Ovens,Middle,590,5,5,2008,0.13,1407.15,0.99,1261.45,0.39,727.51,1.16,3450.65,0.63,1033.58,1.76,191.35,0.82,55.26,2.17,16.68
2011,ARI-11-11,MC,Ovens,Middle,530,6,4,2008,0.17,1407.15,0.99,1261.45,0.39,727.51,1.16,3450.65,0.63,1033.58,1.76,191.35,0.82,55.26,2.17,16.68
2012,101935,MC,Ovens,Middle,710,10,7,2008,0.11,1407.15,0.99,1261.45,0.39,727.51,1.16,3450.65,0.63,1033.58,1.76,191.35,0.82,55.26,2.17,16.68
2011,1122,MC,Ovens,Middle,740,9,6,2008,0.15,1407.15,0.99,1261.45,0.39,727.51,1.16,3450.65,0.63,1033.58,1.76,191.35,0.82,55.26,2.17,16.68
2011,ARI-11-11,MC,Ovens,Middle,530,6,5,2009,0.16,1396.38,1.31,1647.98,0.75,351.86,1.05,2392.29,0.72,1407.15,0.99,1261.45,0.39,727.51,1.16,16.54
2010,111453,MC,Ovens,Middle,445,3,3,2009,0.24,1396.38,1.31,1647.98,0.75,351.86,1.05,2392.29,0.72,1407.15,0.99,1261.45,0.39,727.51,1.16,16.54
2012,116978,MC,Ovens,Middle,570,6,4,2009,0.18,1396.38,1.31,1647.98,0.75,351.86,1.05,2392.29,0.72,1407.15,0.99,1261.45,0.39,727.51,1.16,16.54
2011,116047,MC,Ovens,Middle,595,4,3,2009,0.26,1396.38,1.31,1647.98,0.75,351.86,1.05,2392.29,0.72,1407.15,0.99,1261.45,0.39,727.51,1.16,16.54
2012,1205,MC,Ovens,Middle,720,9,7,2009,0.13,1396.38,1.31,1647.98,0.75,351.86,1.05,2392.29,0.72,1407.15,0.99,1261.45,0.39,727.51,1.16,16.54
2010,1013,MC,Ovens,Middle,695,7,7,2009,0.15,1396.38,1.31,1647.98,0.75,351.86,1.05,2392.29,0.72,1407.15,0.99,1261.45,0.39,727.51,1.16,16.54
2011,ARI-11-9,MC,Ovens,Middle,680,13,12,2009,0.10,1396.38,1.31,1647.98,0.75,351.86,1.05,2392.29,0.72,1407.15,0.99,1261.45,0.39,727.51,1.16,16.54
2011,ARI-11-10,MC,Ovens,Middle,610,8,7,2009,0.13,1396.38,1.31,1647.98,0.75,351.86,1.05,2392.29,0.72,1407.15,0.99,1261.45,0.39,727.51,1.16,16.54
2011,1122,MC,Ovens,Middle,740,9,7,2009,0.17,1396.38,1.31,1647.98,0.75,351.86,1.05,2392.29,0.72,1407.15,0.99,1261.45,0.39,727.51,1.16,16.54
2011,ARI-11-13,MC,Ovens,Middle,632,7,6,2009,0.16,1396.38,1.31,1647.98,0.75,351.86,1.05,2392.29,0.72,1407.15,0.99,1261.45,0.39,727.51,1.16,16.54
2011,ARI-11-12,MC,Ovens,Middle,627,7,6,2009,0.15,1396.38,1.31,1647.98,0.75,351.86,1.05,2392.29,0.72,1407.15,0.99,1261.45,0.39,727.51,1.16,16.54
2012,101935,MC,Ovens,Middle,710,10,8,2009,0.09,1396.38,1.31,1647.98,0.75,351.86,1.05,2392.29,0.72,1407.15,0.99,1261.45,0.39,727.51,1.16,16.54
2010,111454,MC,Ovens,Middle,600,8,8,2009,0.09,1396.38,1.31,1647.98,0.75,351.86,1.05,2392.29,0.72,1407.15,0.99,1261.45,0.39,727.51,1.16,16.54
2010,111451,MC,Ovens,Middle,220,2,2,2009,0.24,1396.38,1.31,1647.98,0.75,351.86,1.05,2392.29,0.72,1407.15,0.99,1261.45,0.39,727.51,1.16,16.54
2011,ARI-11-10,MC,Ovens,Middle,610,8,8,2010,0.12,4998.09,1.82,4614.01,0.60,1048.29,0.78,2445.34,0.70,1396.38,1.31,1647.98,0.75,351.86,1.05,16.05
2011,ARI-11-11,MC,Ovens,Middle,530,6,6,2010,0.13,4998.09,1.82,4614.01,0.60,1048.29,0.78,2445.34,0.70,1396.38,1.31,1647.98,0.75,351.86,1.05,16.05
2011,ARI-11-12,MC,Ovens,Middle,627,7,7,2010,0.14,4998.09,1.82,4614.01,0.60,1048.29,0.78,2445.34,0.70,1396.38,1.31,1647.98,0.75,351.86,1.05,16.05
2011,116047,MC,Ovens,Middle,595,4,4,2010,0.18,4998.09,1.82,4614.01,0.60,1048.29,0.78,2445.34,0.70,1396.38,1.31,1647.98,0.75,351.86,1.05,16.05
2011,1122,MC,Ovens,Middle,740,9,8,2010,0.13,4998.09,1.82,4614.01,0.60,1048.29,0.78,2445.34,0.70,1396.38,1.31,1647.98,0.75,351.86,1.05,16.05
2011,ARI-11-9,MC,Ovens,Middle,680,13,13,2010,0.08,4998.09,1.82,4614.01,0.60,1048.29,0.78,2445.34,0.70,1396.38,1.31,1647.98,0.75,351.86,1.05,16.05
2012,116978,MC,Ovens,Middle,570,6,5,2010,0.13,4998.09,1.82,4614.01,0.60,1048.29,0.78,2445.34,0.70,1396.38,1.31,1647.98,0.75,351.86,1.05,16.05
2012,1205,MC,Ovens,Middle,720,9,8,2010,0.10,4998.09,1.82,4614.01,0.60,1048.29,0.78,2445.34,0.70,1396.38,1.31,1647.98,0.75,351.86,1.05,16.05
2012,101935,MC,Ovens,Middle,710,10,9,2010,0.13,4998.09,1.82,4614.01,0.60,1048.29,0.78,2445.34,0.70,1396.38,1.31,1647.98,0.75,351.86,1.05,16.05
2011,ARI-11-13,MC,Ovens,Middle,632,7,7,2010,0.11,4998.09,1.82,4614.01,0.60,1048.29,0.78,2445.34,0.70,1396.38,1.31,1647.98,0.75,351.86,1.05,16.05
2011,1122,MC,Ovens,Middle,740,9,9,2011,0.14,7989.76,1.00,13592.62,1.04,8273.87,1.24,7398.83,0.81,4998.09,1.82,4614.01,0.60,1048.29,0.78,15.36
2012,116978,MC,Ovens,Middle,570,6,6,2011,0.14,7989.76,1.00,13592.62,1.04,8273.87,1.24,7398.83,0.81,4998.09,1.82,4614.01,0.60,1048.29,0.78,15.36
2012,1205,MC,Ovens,Middle,720,9,9,2011,0.12,7989.76,1.00,13592.62,1.04,8273.87,1.24,7398.83,0.81,4998.09,1.82,4614.01,0.60,1048.29,0.78,15.36
2012,101935,MC,Ovens,Middle,710,10,10,2011,0.11,7989.76,1.00,13592.62,1.04,8273.87,1.24,7398.83,0.81,4998.09,1.82,4614.01,0.60,1048.29,0.78,15.36
